100g;10240;1;;;;01;SW;ZzNAMEqQ S201A;48;SW;ZzNAMEqQ L113A
100g;10240;1;;;;01;SW;ZzNAMEqQ S201B;48;SW;ZzNAMEqQ L102B
100g;10240;1;;;;01;SW;ZzNAMEqQ S202A;48;SW;ZzNAMEqQ L115A
100g;10240;1;;;;01;SW;ZzNAMEqQ S202B;48;SW;ZzNAMEqQ L104B
100g;10240;1;;;;01;SW;ZzNAMEqQ S203A;48;SW;ZzNAMEqQ L117A
100g;10240;1;;;;01;SW;ZzNAMEqQ S203B;48;SW;ZzNAMEqQ L106B
100g;10240;1;;;;01;SW;ZzNAMEqQ S204A;48;SW;ZzNAMEqQ L119A
100g;10240;1;;;;01;SW;ZzNAMEqQ S204B;48;SW;ZzNAMEqQ L108B
100g;10240;1;;;;01;SW;ZzNAMEqQ S205A;48;SW;ZzNAMEqQ L121A
100g;10240;1;;;;01;SW;ZzNAMEqQ S205B;48;SW;ZzNAMEqQ L110B
100g;10240;1;;;;01;SW;ZzNAMEqQ S206A;48;SW;ZzNAMEqQ L123A
100g;10240;1;;;;01;SW;ZzNAMEqQ S206B;48;SW;ZzNAMEqQ L112B
100g;10240;1;;;;01;SW;ZzNAMEqQ S207A;48;SW;ZzNAMEqQ L101A
100g;10240;1;;;;01;SW;ZzNAMEqQ S207B;48;SW;ZzNAMEqQ L114B
100g;10240;1;;;;01;SW;ZzNAMEqQ S208A;48;SW;ZzNAMEqQ L103A
100g;10240;1;;;;01;SW;ZzNAMEqQ S208B;48;SW;ZzNAMEqQ L116B
100g;10240;1;;;;01;SW;ZzNAMEqQ S209A;48;SW;ZzNAMEqQ L105A
100g;10240;1;;;;01;SW;ZzNAMEqQ S209B;48;SW;ZzNAMEqQ L118B
100g;10240;1;;;;01;SW;ZzNAMEqQ S210A;48;SW;ZzNAMEqQ L107A
100g;10240;1;;;;01;SW;ZzNAMEqQ S210B;48;SW;ZzNAMEqQ L120B
100g;10240;1;;;;01;SW;ZzNAMEqQ S211A;48;SW;ZzNAMEqQ L109A
100g;10240;1;;;;01;SW;ZzNAMEqQ S211B;48;SW;ZzNAMEqQ L122B
100g;10240;1;;;;01;SW;ZzNAMEqQ S212A;48;SW;ZzNAMEqQ L111A
100g;10240;1;;;;01;SW;ZzNAMEqQ S212B;48;SW;ZzNAMEqQ L124B
100g;10240;1;;;;02;SW;ZzNAMEqQ S201A;47;SW;ZzNAMEqQ L115A
100g;10240;1;;;;02;SW;ZzNAMEqQ S201B;47;SW;ZzNAMEqQ L112B
100g;10240;1;;;;02;SW;ZzNAMEqQ S202A;47;SW;ZzNAMEqQ L117A
100g;10240;1;;;;02;SW;ZzNAMEqQ S202B;47;SW;ZzNAMEqQ L114B
100g;10240;1;;;;02;SW;ZzNAMEqQ S203A;47;SW;ZzNAMEqQ L119A
100g;10240;1;;;;02;SW;ZzNAMEqQ S203B;47;SW;ZzNAMEqQ L116B
100g;10240;1;;;;02;SW;ZzNAMEqQ S204A;47;SW;ZzNAMEqQ L121A
100g;10240;1;;;;02;SW;ZzNAMEqQ S204B;47;SW;ZzNAMEqQ L118B
100g;10240;1;;;;02;SW;ZzNAMEqQ S205A;47;SW;ZzNAMEqQ L123A
100g;10240;1;;;;02;SW;ZzNAMEqQ S205B;47;SW;ZzNAMEqQ L120B
100g;10240;1;;;;02;SW;ZzNAMEqQ S206A;47;SW;ZzNAMEqQ L101A
100g;10240;1;;;;02;SW;ZzNAMEqQ S206B;47;SW;ZzNAMEqQ L122B
100g;10240;1;;;;02;SW;ZzNAMEqQ S207A;47;SW;ZzNAMEqQ L103A
100g;10240;1;;;;02;SW;ZzNAMEqQ S207B;47;SW;ZzNAMEqQ L124B
100g;10240;1;;;;02;SW;ZzNAMEqQ S208A;47;SW;ZzNAMEqQ L105A
100g;10240;1;;;;02;SW;ZzNAMEqQ S208B;47;SW;ZzNAMEqQ L102B
100g;10240;1;;;;02;SW;ZzNAMEqQ S209A;47;SW;ZzNAMEqQ L107A
100g;10240;1;;;;02;SW;ZzNAMEqQ S209B;47;SW;ZzNAMEqQ L104B
100g;10240;1;;;;02;SW;ZzNAMEqQ S210A;47;SW;ZzNAMEqQ L109A
100g;10240;1;;;;02;SW;ZzNAMEqQ S210B;47;SW;ZzNAMEqQ L106B
100g;10240;1;;;;02;SW;ZzNAMEqQ S211A;47;SW;ZzNAMEqQ L111A
100g;10240;1;;;;02;SW;ZzNAMEqQ S211B;47;SW;ZzNAMEqQ L108B
100g;10240;1;;;;02;SW;ZzNAMEqQ S212A;47;SW;ZzNAMEqQ L113A
100g;10240;1;;;;02;SW;ZzNAMEqQ S212B;47;SW;ZzNAMEqQ L110B
100g;10240;1;;;;03;SW;ZzNAMEqQ S201A;46;SW;ZzNAMEqQ L117A
100g;10240;1;;;;03;SW;ZzNAMEqQ S201B;46;SW;ZzNAMEqQ L110B
100g;10240;1;;;;03;SW;ZzNAMEqQ S202A;46;SW;ZzNAMEqQ L119A
100g;10240;1;;;;03;SW;ZzNAMEqQ S202B;46;SW;ZzNAMEqQ L112B
100g;10240;1;;;;03;SW;ZzNAMEqQ S203A;46;SW;ZzNAMEqQ L121A
100g;10240;1;;;;03;SW;ZzNAMEqQ S203B;46;SW;ZzNAMEqQ L114B
100g;10240;1;;;;03;SW;ZzNAMEqQ S204A;46;SW;ZzNAMEqQ L123A
100g;10240;1;;;;03;SW;ZzNAMEqQ S204B;46;SW;ZzNAMEqQ L116B
100g;10240;1;;;;03;SW;ZzNAMEqQ S205A;46;SW;ZzNAMEqQ L101A
100g;10240;1;;;;03;SW;ZzNAMEqQ S205B;46;SW;ZzNAMEqQ L118B
100g;10240;1;;;;03;SW;ZzNAMEqQ S206A;46;SW;ZzNAMEqQ L103A
100g;10240;1;;;;03;SW;ZzNAMEqQ S206B;46;SW;ZzNAMEqQ L120B
100g;10240;1;;;;03;SW;ZzNAMEqQ S207A;46;SW;ZzNAMEqQ L105A
100g;10240;1;;;;03;SW;ZzNAMEqQ S207B;46;SW;ZzNAMEqQ L122B
100g;10240;1;;;;03;SW;ZzNAMEqQ S208A;46;SW;ZzNAMEqQ L107A
100g;10240;1;;;;03;SW;ZzNAMEqQ S208B;46;SW;ZzNAMEqQ L124B
100g;10240;1;;;;03;SW;ZzNAMEqQ S209A;46;SW;ZzNAMEqQ L109A
100g;10240;1;;;;03;SW;ZzNAMEqQ S209B;46;SW;ZzNAMEqQ L102B
100g;10240;1;;;;03;SW;ZzNAMEqQ S210A;46;SW;ZzNAMEqQ L111A
100g;10240;1;;;;03;SW;ZzNAMEqQ S210B;46;SW;ZzNAMEqQ L104B
100g;10240;1;;;;03;SW;ZzNAMEqQ S211A;46;SW;ZzNAMEqQ L113A
100g;10240;1;;;;03;SW;ZzNAMEqQ S211B;46;SW;ZzNAMEqQ L106B
100g;10240;1;;;;03;SW;ZzNAMEqQ S212A;46;SW;ZzNAMEqQ L115A
100g;10240;1;;;;03;SW;ZzNAMEqQ S212B;46;SW;ZzNAMEqQ L108B
100g;10240;1;;;;04;SW;ZzNAMEqQ S201A;45;SW;ZzNAMEqQ L119A
100g;10240;1;;;;04;SW;ZzNAMEqQ S201B;45;SW;ZzNAMEqQ L108B
100g;10240;1;;;;04;SW;ZzNAMEqQ S202A;45;SW;ZzNAMEqQ L121A
100g;10240;1;;;;04;SW;ZzNAMEqQ S202B;45;SW;ZzNAMEqQ L110B
100g;10240;1;;;;04;SW;ZzNAMEqQ S203A;45;SW;ZzNAMEqQ L123A
100g;10240;1;;;;04;SW;ZzNAMEqQ S203B;45;SW;ZzNAMEqQ L112B
100g;10240;1;;;;04;SW;ZzNAMEqQ S204A;45;SW;ZzNAMEqQ L101A
100g;10240;1;;;;04;SW;ZzNAMEqQ S204B;45;SW;ZzNAMEqQ L114B
100g;10240;1;;;;04;SW;ZzNAMEqQ S205A;45;SW;ZzNAMEqQ L103A
100g;10240;1;;;;04;SW;ZzNAMEqQ S205B;45;SW;ZzNAMEqQ L116B
100g;10240;1;;;;04;SW;ZzNAMEqQ S206A;45;SW;ZzNAMEqQ L105A
100g;10240;1;;;;04;SW;ZzNAMEqQ S206B;45;SW;ZzNAMEqQ L118B
100g;10240;1;;;;04;SW;ZzNAMEqQ S207A;45;SW;ZzNAMEqQ L107A
100g;10240;1;;;;04;SW;ZzNAMEqQ S207B;45;SW;ZzNAMEqQ L120B
100g;10240;1;;;;04;SW;ZzNAMEqQ S208A;45;SW;ZzNAMEqQ L109A
100g;10240;1;;;;04;SW;ZzNAMEqQ S208B;45;SW;ZzNAMEqQ L122B
100g;10240;1;;;;04;SW;ZzNAMEqQ S209A;45;SW;ZzNAMEqQ L111A
100g;10240;1;;;;04;SW;ZzNAMEqQ S209B;45;SW;ZzNAMEqQ L124B
100g;10240;1;;;;04;SW;ZzNAMEqQ S210A;45;SW;ZzNAMEqQ L113A
100g;10240;1;;;;04;SW;ZzNAMEqQ S210B;45;SW;ZzNAMEqQ L102B
100g;10240;1;;;;04;SW;ZzNAMEqQ S211A;45;SW;ZzNAMEqQ L115A
100g;10240;1;;;;04;SW;ZzNAMEqQ S211B;45;SW;ZzNAMEqQ L104B
100g;10240;1;;;;04;SW;ZzNAMEqQ S212A;45;SW;ZzNAMEqQ L117A
100g;10240;1;;;;04;SW;ZzNAMEqQ S212B;45;SW;ZzNAMEqQ L106B
100g;10240;1;;;;05;SW;ZzNAMEqQ S201A;44;SW;ZzNAMEqQ L121A
100g;10240;1;;;;05;SW;ZzNAMEqQ S201B;44;SW;ZzNAMEqQ L106B
100g;10240;1;;;;05;SW;ZzNAMEqQ S202A;44;SW;ZzNAMEqQ L123A
100g;10240;1;;;;05;SW;ZzNAMEqQ S202B;44;SW;ZzNAMEqQ L108B
100g;10240;1;;;;05;SW;ZzNAMEqQ S203A;44;SW;ZzNAMEqQ L101A
100g;10240;1;;;;05;SW;ZzNAMEqQ S203B;44;SW;ZzNAMEqQ L110B
100g;10240;1;;;;05;SW;ZzNAMEqQ S204A;44;SW;ZzNAMEqQ L103A
100g;10240;1;;;;05;SW;ZzNAMEqQ S204B;44;SW;ZzNAMEqQ L112B
100g;10240;1;;;;05;SW;ZzNAMEqQ S205A;44;SW;ZzNAMEqQ L105A
100g;10240;1;;;;05;SW;ZzNAMEqQ S205B;44;SW;ZzNAMEqQ L114B
100g;10240;1;;;;05;SW;ZzNAMEqQ S206A;44;SW;ZzNAMEqQ L107A
100g;10240;1;;;;05;SW;ZzNAMEqQ S206B;44;SW;ZzNAMEqQ L116B
100g;10240;1;;;;05;SW;ZzNAMEqQ S207A;44;SW;ZzNAMEqQ L109A
100g;10240;1;;;;05;SW;ZzNAMEqQ S207B;44;SW;ZzNAMEqQ L118B
100g;10240;1;;;;05;SW;ZzNAMEqQ S208A;44;SW;ZzNAMEqQ L111A
100g;10240;1;;;;05;SW;ZzNAMEqQ S208B;44;SW;ZzNAMEqQ L120B
100g;10240;1;;;;05;SW;ZzNAMEqQ S209A;44;SW;ZzNAMEqQ L113A
100g;10240;1;;;;05;SW;ZzNAMEqQ S209B;44;SW;ZzNAMEqQ L122B
100g;10240;1;;;;05;SW;ZzNAMEqQ S210A;44;SW;ZzNAMEqQ L115A
100g;10240;1;;;;05;SW;ZzNAMEqQ S210B;44;SW;ZzNAMEqQ L124B
100g;10240;1;;;;05;SW;ZzNAMEqQ S211A;44;SW;ZzNAMEqQ L117A
100g;10240;1;;;;05;SW;ZzNAMEqQ S211B;44;SW;ZzNAMEqQ L102B
100g;10240;1;;;;05;SW;ZzNAMEqQ S212A;44;SW;ZzNAMEqQ L119A
100g;10240;1;;;;05;SW;ZzNAMEqQ S212B;44;SW;ZzNAMEqQ L104B
100g;10240;1;;;;06;SW;ZzNAMEqQ S201A;43;SW;ZzNAMEqQ L123A
100g;10240;1;;;;06;SW;ZzNAMEqQ S201B;43;SW;ZzNAMEqQ L104B
100g;10240;1;;;;06;SW;ZzNAMEqQ S202A;43;SW;ZzNAMEqQ L101A
100g;10240;1;;;;06;SW;ZzNAMEqQ S202B;43;SW;ZzNAMEqQ L106B
100g;10240;1;;;;06;SW;ZzNAMEqQ S203A;43;SW;ZzNAMEqQ L103A
100g;10240;1;;;;06;SW;ZzNAMEqQ S203B;43;SW;ZzNAMEqQ L108B
100g;10240;1;;;;06;SW;ZzNAMEqQ S204A;43;SW;ZzNAMEqQ L105A
100g;10240;1;;;;06;SW;ZzNAMEqQ S204B;43;SW;ZzNAMEqQ L110B
100g;10240;1;;;;06;SW;ZzNAMEqQ S205A;43;SW;ZzNAMEqQ L107A
100g;10240;1;;;;06;SW;ZzNAMEqQ S205B;43;SW;ZzNAMEqQ L112B
100g;10240;1;;;;06;SW;ZzNAMEqQ S206A;43;SW;ZzNAMEqQ L109A
100g;10240;1;;;;06;SW;ZzNAMEqQ S206B;43;SW;ZzNAMEqQ L114B
100g;10240;1;;;;06;SW;ZzNAMEqQ S207A;43;SW;ZzNAMEqQ L111A
100g;10240;1;;;;06;SW;ZzNAMEqQ S207B;43;SW;ZzNAMEqQ L116B
100g;10240;1;;;;06;SW;ZzNAMEqQ S208A;43;SW;ZzNAMEqQ L113A
100g;10240;1;;;;06;SW;ZzNAMEqQ S208B;43;SW;ZzNAMEqQ L118B
100g;10240;1;;;;06;SW;ZzNAMEqQ S209A;43;SW;ZzNAMEqQ L115A
100g;10240;1;;;;06;SW;ZzNAMEqQ S209B;43;SW;ZzNAMEqQ L120B
100g;10240;1;;;;06;SW;ZzNAMEqQ S210A;43;SW;ZzNAMEqQ L117A
100g;10240;1;;;;06;SW;ZzNAMEqQ S210B;43;SW;ZzNAMEqQ L122B
100g;10240;1;;;;06;SW;ZzNAMEqQ S211A;43;SW;ZzNAMEqQ L119A
100g;10240;1;;;;06;SW;ZzNAMEqQ S211B;43;SW;ZzNAMEqQ L124B
100g;10240;1;;;;06;SW;ZzNAMEqQ S212A;43;SW;ZzNAMEqQ L121A
100g;10240;1;;;;06;SW;ZzNAMEqQ S212B;43;SW;ZzNAMEqQ L102B
100g;10240;1;;;;07;SW;ZzNAMEqQ S201A;31;SW;ZzNAMEqQ L113B
100g;10240;1;;;;07;SW;ZzNAMEqQ S201B;31;SW;ZzNAMEqQ L114A
100g;10240;1;;;;07;SW;ZzNAMEqQ S202A;31;SW;ZzNAMEqQ L115B
100g;10240;1;;;;07;SW;ZzNAMEqQ S202B;31;SW;ZzNAMEqQ L116A
100g;10240;1;;;;07;SW;ZzNAMEqQ S203A;31;SW;ZzNAMEqQ L117B
100g;10240;1;;;;07;SW;ZzNAMEqQ S203B;31;SW;ZzNAMEqQ L118A
100g;10240;1;;;;07;SW;ZzNAMEqQ S204A;31;SW;ZzNAMEqQ L119B
100g;10240;1;;;;07;SW;ZzNAMEqQ S204B;31;SW;ZzNAMEqQ L120A
100g;10240;1;;;;07;SW;ZzNAMEqQ S205A;31;SW;ZzNAMEqQ L121B
100g;10240;1;;;;07;SW;ZzNAMEqQ S205B;31;SW;ZzNAMEqQ L122A
100g;10240;1;;;;07;SW;ZzNAMEqQ S206A;31;SW;ZzNAMEqQ L123B
100g;10240;1;;;;07;SW;ZzNAMEqQ S206B;31;SW;ZzNAMEqQ L124A
100g;10240;1;;;;07;SW;ZzNAMEqQ S207A;31;SW;ZzNAMEqQ L101B
100g;10240;1;;;;07;SW;ZzNAMEqQ S207B;31;SW;ZzNAMEqQ L102A
100g;10240;1;;;;07;SW;ZzNAMEqQ S208A;31;SW;ZzNAMEqQ L103B
100g;10240;1;;;;07;SW;ZzNAMEqQ S208B;31;SW;ZzNAMEqQ L104A
100g;10240;1;;;;07;SW;ZzNAMEqQ S209A;31;SW;ZzNAMEqQ L105B
100g;10240;1;;;;07;SW;ZzNAMEqQ S209B;31;SW;ZzNAMEqQ L106A
100g;10240;1;;;;07;SW;ZzNAMEqQ S210A;31;SW;ZzNAMEqQ L107B
100g;10240;1;;;;07;SW;ZzNAMEqQ S210B;31;SW;ZzNAMEqQ L108A
100g;10240;1;;;;07;SW;ZzNAMEqQ S211A;31;SW;ZzNAMEqQ L109B
100g;10240;1;;;;07;SW;ZzNAMEqQ S211B;31;SW;ZzNAMEqQ L110A
100g;10240;1;;;;07;SW;ZzNAMEqQ S212A;31;SW;ZzNAMEqQ L111B
100g;10240;1;;;;07;SW;ZzNAMEqQ S212B;31;SW;ZzNAMEqQ L112A
100g;10240;1;;;;08;SW;ZzNAMEqQ S201A;32;SW;ZzNAMEqQ L115B
100g;10240;1;;;;08;SW;ZzNAMEqQ S201B;32;SW;ZzNAMEqQ L112A
100g;10240;1;;;;08;SW;ZzNAMEqQ S202A;32;SW;ZzNAMEqQ L117B
100g;10240;1;;;;08;SW;ZzNAMEqQ S202B;32;SW;ZzNAMEqQ L114A
100g;10240;1;;;;08;SW;ZzNAMEqQ S203A;32;SW;ZzNAMEqQ L119B
100g;10240;1;;;;08;SW;ZzNAMEqQ S203B;32;SW;ZzNAMEqQ L116A
100g;10240;1;;;;08;SW;ZzNAMEqQ S204A;32;SW;ZzNAMEqQ L121B
100g;10240;1;;;;08;SW;ZzNAMEqQ S204B;32;SW;ZzNAMEqQ L118A
100g;10240;1;;;;08;SW;ZzNAMEqQ S205A;32;SW;ZzNAMEqQ L123B
100g;10240;1;;;;08;SW;ZzNAMEqQ S205B;32;SW;ZzNAMEqQ L120A
100g;10240;1;;;;08;SW;ZzNAMEqQ S206A;32;SW;ZzNAMEqQ L101B
100g;10240;1;;;;08;SW;ZzNAMEqQ S206B;32;SW;ZzNAMEqQ L122A
100g;10240;1;;;;08;SW;ZzNAMEqQ S207A;32;SW;ZzNAMEqQ L103B
100g;10240;1;;;;08;SW;ZzNAMEqQ S207B;32;SW;ZzNAMEqQ L124A
100g;10240;1;;;;08;SW;ZzNAMEqQ S208A;32;SW;ZzNAMEqQ L105B
100g;10240;1;;;;08;SW;ZzNAMEqQ S208B;32;SW;ZzNAMEqQ L102A
100g;10240;1;;;;08;SW;ZzNAMEqQ S209A;32;SW;ZzNAMEqQ L107B
100g;10240;1;;;;08;SW;ZzNAMEqQ S209B;32;SW;ZzNAMEqQ L104A
100g;10240;1;;;;08;SW;ZzNAMEqQ S210A;32;SW;ZzNAMEqQ L109B
100g;10240;1;;;;08;SW;ZzNAMEqQ S210B;32;SW;ZzNAMEqQ L106A
100g;10240;1;;;;08;SW;ZzNAMEqQ S211A;32;SW;ZzNAMEqQ L111B
100g;10240;1;;;;08;SW;ZzNAMEqQ S211B;32;SW;ZzNAMEqQ L108A
100g;10240;1;;;;08;SW;ZzNAMEqQ S212A;32;SW;ZzNAMEqQ L113B
100g;10240;1;;;;08;SW;ZzNAMEqQ S212B;32;SW;ZzNAMEqQ L110A
100g;10240;1;;;;09;SW;ZzNAMEqQ S201A;33;SW;ZzNAMEqQ L117B
100g;10240;1;;;;09;SW;ZzNAMEqQ S201B;33;SW;ZzNAMEqQ L110A
100g;10240;1;;;;09;SW;ZzNAMEqQ S202A;33;SW;ZzNAMEqQ L119B
100g;10240;1;;;;09;SW;ZzNAMEqQ S202B;33;SW;ZzNAMEqQ L112A
100g;10240;1;;;;09;SW;ZzNAMEqQ S203A;33;SW;ZzNAMEqQ L121B
100g;10240;1;;;;09;SW;ZzNAMEqQ S203B;33;SW;ZzNAMEqQ L114A
100g;10240;1;;;;09;SW;ZzNAMEqQ S204A;33;SW;ZzNAMEqQ L123B
100g;10240;1;;;;09;SW;ZzNAMEqQ S204B;33;SW;ZzNAMEqQ L116A
100g;10240;1;;;;09;SW;ZzNAMEqQ S205A;33;SW;ZzNAMEqQ L101B
100g;10240;1;;;;09;SW;ZzNAMEqQ S205B;33;SW;ZzNAMEqQ L118A
100g;10240;1;;;;09;SW;ZzNAMEqQ S206A;33;SW;ZzNAMEqQ L103B
100g;10240;1;;;;09;SW;ZzNAMEqQ S206B;33;SW;ZzNAMEqQ L120A
100g;10240;1;;;;09;SW;ZzNAMEqQ S207A;33;SW;ZzNAMEqQ L105B
100g;10240;1;;;;09;SW;ZzNAMEqQ S207B;33;SW;ZzNAMEqQ L122A
100g;10240;1;;;;09;SW;ZzNAMEqQ S208A;33;SW;ZzNAMEqQ L107B
100g;10240;1;;;;09;SW;ZzNAMEqQ S208B;33;SW;ZzNAMEqQ L124A
100g;10240;1;;;;09;SW;ZzNAMEqQ S209A;33;SW;ZzNAMEqQ L109B
100g;10240;1;;;;09;SW;ZzNAMEqQ S209B;33;SW;ZzNAMEqQ L102A
100g;10240;1;;;;09;SW;ZzNAMEqQ S210A;33;SW;ZzNAMEqQ L111B
100g;10240;1;;;;09;SW;ZzNAMEqQ S210B;33;SW;ZzNAMEqQ L104A
100g;10240;1;;;;09;SW;ZzNAMEqQ S211A;33;SW;ZzNAMEqQ L113B
100g;10240;1;;;;09;SW;ZzNAMEqQ S211B;33;SW;ZzNAMEqQ L106A
100g;10240;1;;;;09;SW;ZzNAMEqQ S212A;33;SW;ZzNAMEqQ L115B
100g;10240;1;;;;09;SW;ZzNAMEqQ S212B;33;SW;ZzNAMEqQ L108A
100g;10240;1;;;;10;SW;ZzNAMEqQ S201A;34;SW;ZzNAMEqQ L119B
100g;10240;1;;;;10;SW;ZzNAMEqQ S201B;34;SW;ZzNAMEqQ L108A
100g;10240;1;;;;10;SW;ZzNAMEqQ S202A;34;SW;ZzNAMEqQ L121B
100g;10240;1;;;;10;SW;ZzNAMEqQ S202B;34;SW;ZzNAMEqQ L110A
100g;10240;1;;;;10;SW;ZzNAMEqQ S203A;34;SW;ZzNAMEqQ L123B
100g;10240;1;;;;10;SW;ZzNAMEqQ S203B;34;SW;ZzNAMEqQ L112A
100g;10240;1;;;;10;SW;ZzNAMEqQ S204A;34;SW;ZzNAMEqQ L101B
100g;10240;1;;;;10;SW;ZzNAMEqQ S204B;34;SW;ZzNAMEqQ L114A
100g;10240;1;;;;10;SW;ZzNAMEqQ S205A;34;SW;ZzNAMEqQ L103B
100g;10240;1;;;;10;SW;ZzNAMEqQ S205B;34;SW;ZzNAMEqQ L116A
100g;10240;1;;;;10;SW;ZzNAMEqQ S206A;34;SW;ZzNAMEqQ L105B
100g;10240;1;;;;10;SW;ZzNAMEqQ S206B;34;SW;ZzNAMEqQ L118A
100g;10240;1;;;;10;SW;ZzNAMEqQ S207A;34;SW;ZzNAMEqQ L107B
100g;10240;1;;;;10;SW;ZzNAMEqQ S207B;34;SW;ZzNAMEqQ L120A
100g;10240;1;;;;10;SW;ZzNAMEqQ S208A;34;SW;ZzNAMEqQ L109B
100g;10240;1;;;;10;SW;ZzNAMEqQ S208B;34;SW;ZzNAMEqQ L122A
100g;10240;1;;;;10;SW;ZzNAMEqQ S209A;34;SW;ZzNAMEqQ L111B
100g;10240;1;;;;10;SW;ZzNAMEqQ S209B;34;SW;ZzNAMEqQ L124A
100g;10240;1;;;;10;SW;ZzNAMEqQ S210A;34;SW;ZzNAMEqQ L113B
100g;10240;1;;;;10;SW;ZzNAMEqQ S210B;34;SW;ZzNAMEqQ L102A
100g;10240;1;;;;10;SW;ZzNAMEqQ S211A;34;SW;ZzNAMEqQ L115B
100g;10240;1;;;;10;SW;ZzNAMEqQ S211B;34;SW;ZzNAMEqQ L104A
100g;10240;1;;;;10;SW;ZzNAMEqQ S212A;34;SW;ZzNAMEqQ L117B
100g;10240;1;;;;10;SW;ZzNAMEqQ S212B;34;SW;ZzNAMEqQ L106A
100g;10240;1;;;;11;SW;ZzNAMEqQ S201A;35;SW;ZzNAMEqQ L121B
100g;10240;1;;;;11;SW;ZzNAMEqQ S201B;35;SW;ZzNAMEqQ L106A
100g;10240;1;;;;11;SW;ZzNAMEqQ S202A;35;SW;ZzNAMEqQ L123B
100g;10240;1;;;;11;SW;ZzNAMEqQ S202B;35;SW;ZzNAMEqQ L108A
100g;10240;1;;;;11;SW;ZzNAMEqQ S203A;35;SW;ZzNAMEqQ L101B
100g;10240;1;;;;11;SW;ZzNAMEqQ S203B;35;SW;ZzNAMEqQ L110A
100g;10240;1;;;;11;SW;ZzNAMEqQ S204A;35;SW;ZzNAMEqQ L103B
100g;10240;1;;;;11;SW;ZzNAMEqQ S204B;35;SW;ZzNAMEqQ L112A
100g;10240;1;;;;11;SW;ZzNAMEqQ S205A;35;SW;ZzNAMEqQ L105B
100g;10240;1;;;;11;SW;ZzNAMEqQ S205B;35;SW;ZzNAMEqQ L114A
100g;10240;1;;;;11;SW;ZzNAMEqQ S206A;35;SW;ZzNAMEqQ L107B
100g;10240;1;;;;11;SW;ZzNAMEqQ S206B;35;SW;ZzNAMEqQ L116A
100g;10240;1;;;;11;SW;ZzNAMEqQ S207A;35;SW;ZzNAMEqQ L109B
100g;10240;1;;;;11;SW;ZzNAMEqQ S207B;35;SW;ZzNAMEqQ L118A
100g;10240;1;;;;11;SW;ZzNAMEqQ S208A;35;SW;ZzNAMEqQ L111B
100g;10240;1;;;;11;SW;ZzNAMEqQ S208B;35;SW;ZzNAMEqQ L120A
100g;10240;1;;;;11;SW;ZzNAMEqQ S209A;35;SW;ZzNAMEqQ L113B
100g;10240;1;;;;11;SW;ZzNAMEqQ S209B;35;SW;ZzNAMEqQ L122A
100g;10240;1;;;;11;SW;ZzNAMEqQ S210A;35;SW;ZzNAMEqQ L115B
100g;10240;1;;;;11;SW;ZzNAMEqQ S210B;35;SW;ZzNAMEqQ L124A
100g;10240;1;;;;11;SW;ZzNAMEqQ S211A;35;SW;ZzNAMEqQ L117B
100g;10240;1;;;;11;SW;ZzNAMEqQ S211B;35;SW;ZzNAMEqQ L102A
100g;10240;1;;;;11;SW;ZzNAMEqQ S212A;35;SW;ZzNAMEqQ L119B
100g;10240;1;;;;11;SW;ZzNAMEqQ S212B;35;SW;ZzNAMEqQ L104A
100g;10240;1;;;;12;SW;ZzNAMEqQ S201A;36;SW;ZzNAMEqQ L123B
100g;10240;1;;;;12;SW;ZzNAMEqQ S201B;36;SW;ZzNAMEqQ L104A
100g;10240;1;;;;12;SW;ZzNAMEqQ S202A;36;SW;ZzNAMEqQ L101B
100g;10240;1;;;;12;SW;ZzNAMEqQ S202B;36;SW;ZzNAMEqQ L106A
100g;10240;1;;;;12;SW;ZzNAMEqQ S203A;36;SW;ZzNAMEqQ L103B
100g;10240;1;;;;12;SW;ZzNAMEqQ S203B;36;SW;ZzNAMEqQ L108A
100g;10240;1;;;;12;SW;ZzNAMEqQ S204A;36;SW;ZzNAMEqQ L105B
100g;10240;1;;;;12;SW;ZzNAMEqQ S204B;36;SW;ZzNAMEqQ L110A
100g;10240;1;;;;12;SW;ZzNAMEqQ S205A;36;SW;ZzNAMEqQ L107B
100g;10240;1;;;;12;SW;ZzNAMEqQ S205B;36;SW;ZzNAMEqQ L112A
100g;10240;1;;;;12;SW;ZzNAMEqQ S206A;36;SW;ZzNAMEqQ L109B
100g;10240;1;;;;12;SW;ZzNAMEqQ S206B;36;SW;ZzNAMEqQ L114A
100g;10240;1;;;;12;SW;ZzNAMEqQ S207A;36;SW;ZzNAMEqQ L111B
100g;10240;1;;;;12;SW;ZzNAMEqQ S207B;36;SW;ZzNAMEqQ L116A
100g;10240;1;;;;12;SW;ZzNAMEqQ S208A;36;SW;ZzNAMEqQ L113B
100g;10240;1;;;;12;SW;ZzNAMEqQ S208B;36;SW;ZzNAMEqQ L118A
100g;10240;1;;;;12;SW;ZzNAMEqQ S209A;36;SW;ZzNAMEqQ L115B
100g;10240;1;;;;12;SW;ZzNAMEqQ S209B;36;SW;ZzNAMEqQ L120A
100g;10240;1;;;;12;SW;ZzNAMEqQ S210A;36;SW;ZzNAMEqQ L117B
100g;10240;1;;;;12;SW;ZzNAMEqQ S210B;36;SW;ZzNAMEqQ L122A
100g;10240;1;;;;12;SW;ZzNAMEqQ S211A;36;SW;ZzNAMEqQ L119B
100g;10240;1;;;;12;SW;ZzNAMEqQ S211B;36;SW;ZzNAMEqQ L124A
100g;10240;1;;;;12;SW;ZzNAMEqQ S212A;36;SW;ZzNAMEqQ L121B
100g;10240;1;;;;12;SW;ZzNAMEqQ S212B;36;SW;ZzNAMEqQ L102A
100g;10240;1;;;;13;SW;ZzNAMEqQ S201A;37;SW;ZzNAMEqQ L101B
100g;10240;1;;;;13;SW;ZzNAMEqQ S201B;37;SW;ZzNAMEqQ L102A
100g;10240;1;;;;13;SW;ZzNAMEqQ S202A;37;SW;ZzNAMEqQ L103B
100g;10240;1;;;;13;SW;ZzNAMEqQ S202B;37;SW;ZzNAMEqQ L104A
100g;10240;1;;;;13;SW;ZzNAMEqQ S203A;37;SW;ZzNAMEqQ L105B
100g;10240;1;;;;13;SW;ZzNAMEqQ S203B;37;SW;ZzNAMEqQ L106A
100g;10240;1;;;;13;SW;ZzNAMEqQ S204A;37;SW;ZzNAMEqQ L107B
100g;10240;1;;;;13;SW;ZzNAMEqQ S204B;37;SW;ZzNAMEqQ L108A
100g;10240;1;;;;13;SW;ZzNAMEqQ S205A;37;SW;ZzNAMEqQ L109B
100g;10240;1;;;;13;SW;ZzNAMEqQ S205B;37;SW;ZzNAMEqQ L110A
100g;10240;1;;;;13;SW;ZzNAMEqQ S206A;37;SW;ZzNAMEqQ L111B
100g;10240;1;;;;13;SW;ZzNAMEqQ S206B;37;SW;ZzNAMEqQ L112A
100g;10240;1;;;;13;SW;ZzNAMEqQ S207A;37;SW;ZzNAMEqQ L113B
100g;10240;1;;;;13;SW;ZzNAMEqQ S207B;37;SW;ZzNAMEqQ L114A
100g;10240;1;;;;13;SW;ZzNAMEqQ S208A;37;SW;ZzNAMEqQ L115B
100g;10240;1;;;;13;SW;ZzNAMEqQ S208B;37;SW;ZzNAMEqQ L116A
100g;10240;1;;;;13;SW;ZzNAMEqQ S209A;37;SW;ZzNAMEqQ L117B
100g;10240;1;;;;13;SW;ZzNAMEqQ S209B;37;SW;ZzNAMEqQ L118A
100g;10240;1;;;;13;SW;ZzNAMEqQ S210A;37;SW;ZzNAMEqQ L119B
100g;10240;1;;;;13;SW;ZzNAMEqQ S210B;37;SW;ZzNAMEqQ L120A
100g;10240;1;;;;13;SW;ZzNAMEqQ S211A;37;SW;ZzNAMEqQ L121B
100g;10240;1;;;;13;SW;ZzNAMEqQ S211B;37;SW;ZzNAMEqQ L122A
100g;10240;1;;;;13;SW;ZzNAMEqQ S212A;37;SW;ZzNAMEqQ L123B
100g;10240;1;;;;13;SW;ZzNAMEqQ S212B;37;SW;ZzNAMEqQ L124A
100g;10240;1;;;;14;SW;ZzNAMEqQ S201A;38;SW;ZzNAMEqQ L103B
100g;10240;1;;;;14;SW;ZzNAMEqQ S201B;38;SW;ZzNAMEqQ L124A
100g;10240;1;;;;14;SW;ZzNAMEqQ S202A;38;SW;ZzNAMEqQ L105B
100g;10240;1;;;;14;SW;ZzNAMEqQ S202B;38;SW;ZzNAMEqQ L102A
100g;10240;1;;;;14;SW;ZzNAMEqQ S203A;38;SW;ZzNAMEqQ L107B
100g;10240;1;;;;14;SW;ZzNAMEqQ S203B;38;SW;ZzNAMEqQ L104A
100g;10240;1;;;;14;SW;ZzNAMEqQ S204A;38;SW;ZzNAMEqQ L109B
100g;10240;1;;;;14;SW;ZzNAMEqQ S204B;38;SW;ZzNAMEqQ L106A
100g;10240;1;;;;14;SW;ZzNAMEqQ S205A;38;SW;ZzNAMEqQ L111B
100g;10240;1;;;;14;SW;ZzNAMEqQ S205B;38;SW;ZzNAMEqQ L108A
100g;10240;1;;;;14;SW;ZzNAMEqQ S206A;38;SW;ZzNAMEqQ L113B
100g;10240;1;;;;14;SW;ZzNAMEqQ S206B;38;SW;ZzNAMEqQ L110A
100g;10240;1;;;;14;SW;ZzNAMEqQ S207A;38;SW;ZzNAMEqQ L115B
100g;10240;1;;;;14;SW;ZzNAMEqQ S207B;38;SW;ZzNAMEqQ L112A
100g;10240;1;;;;14;SW;ZzNAMEqQ S208A;38;SW;ZzNAMEqQ L117B
100g;10240;1;;;;14;SW;ZzNAMEqQ S208B;38;SW;ZzNAMEqQ L114A
100g;10240;1;;;;14;SW;ZzNAMEqQ S209A;38;SW;ZzNAMEqQ L119B
100g;10240;1;;;;14;SW;ZzNAMEqQ S209B;38;SW;ZzNAMEqQ L116A
100g;10240;1;;;;14;SW;ZzNAMEqQ S210A;38;SW;ZzNAMEqQ L121B
100g;10240;1;;;;14;SW;ZzNAMEqQ S210B;38;SW;ZzNAMEqQ L118A
100g;10240;1;;;;14;SW;ZzNAMEqQ S211A;38;SW;ZzNAMEqQ L123B
100g;10240;1;;;;14;SW;ZzNAMEqQ S211B;38;SW;ZzNAMEqQ L120A
100g;10240;1;;;;14;SW;ZzNAMEqQ S212A;38;SW;ZzNAMEqQ L101B
100g;10240;1;;;;14;SW;ZzNAMEqQ S212B;38;SW;ZzNAMEqQ L122A
100g;10240;1;;;;15;SW;ZzNAMEqQ S201A;39;SW;ZzNAMEqQ L105B
100g;10240;1;;;;15;SW;ZzNAMEqQ S201B;39;SW;ZzNAMEqQ L122A
100g;10240;1;;;;15;SW;ZzNAMEqQ S202A;39;SW;ZzNAMEqQ L107B
100g;10240;1;;;;15;SW;ZzNAMEqQ S202B;39;SW;ZzNAMEqQ L124A
100g;10240;1;;;;15;SW;ZzNAMEqQ S203A;39;SW;ZzNAMEqQ L109B
100g;10240;1;;;;15;SW;ZzNAMEqQ S203B;39;SW;ZzNAMEqQ L102A
100g;10240;1;;;;15;SW;ZzNAMEqQ S204A;39;SW;ZzNAMEqQ L111B
100g;10240;1;;;;15;SW;ZzNAMEqQ S204B;39;SW;ZzNAMEqQ L104A
100g;10240;1;;;;15;SW;ZzNAMEqQ S205A;39;SW;ZzNAMEqQ L113B
100g;10240;1;;;;15;SW;ZzNAMEqQ S205B;39;SW;ZzNAMEqQ L106A
100g;10240;1;;;;15;SW;ZzNAMEqQ S206A;39;SW;ZzNAMEqQ L115B
100g;10240;1;;;;15;SW;ZzNAMEqQ S206B;39;SW;ZzNAMEqQ L108A
100g;10240;1;;;;15;SW;ZzNAMEqQ S207A;39;SW;ZzNAMEqQ L117B
100g;10240;1;;;;15;SW;ZzNAMEqQ S207B;39;SW;ZzNAMEqQ L110A
100g;10240;1;;;;15;SW;ZzNAMEqQ S208A;39;SW;ZzNAMEqQ L119B
100g;10240;1;;;;15;SW;ZzNAMEqQ S208B;39;SW;ZzNAMEqQ L112A
100g;10240;1;;;;15;SW;ZzNAMEqQ S209A;39;SW;ZzNAMEqQ L121B
100g;10240;1;;;;15;SW;ZzNAMEqQ S209B;39;SW;ZzNAMEqQ L114A
100g;10240;1;;;;15;SW;ZzNAMEqQ S210A;39;SW;ZzNAMEqQ L123B
100g;10240;1;;;;15;SW;ZzNAMEqQ S210B;39;SW;ZzNAMEqQ L116A
100g;10240;1;;;;15;SW;ZzNAMEqQ S211A;39;SW;ZzNAMEqQ L101B
100g;10240;1;;;;15;SW;ZzNAMEqQ S211B;39;SW;ZzNAMEqQ L118A
100g;10240;1;;;;15;SW;ZzNAMEqQ S212A;39;SW;ZzNAMEqQ L103B
100g;10240;1;;;;15;SW;ZzNAMEqQ S212B;39;SW;ZzNAMEqQ L120A
100g;10240;1;;;;16;SW;ZzNAMEqQ S201A;40;SW;ZzNAMEqQ L107B
100g;10240;1;;;;16;SW;ZzNAMEqQ S201B;40;SW;ZzNAMEqQ L120A
100g;10240;1;;;;16;SW;ZzNAMEqQ S202A;40;SW;ZzNAMEqQ L109B
100g;10240;1;;;;16;SW;ZzNAMEqQ S202B;40;SW;ZzNAMEqQ L122A
100g;10240;1;;;;16;SW;ZzNAMEqQ S203A;40;SW;ZzNAMEqQ L111B
100g;10240;1;;;;16;SW;ZzNAMEqQ S203B;40;SW;ZzNAMEqQ L124A
100g;10240;1;;;;16;SW;ZzNAMEqQ S204A;40;SW;ZzNAMEqQ L113B
100g;10240;1;;;;16;SW;ZzNAMEqQ S204B;40;SW;ZzNAMEqQ L102A
100g;10240;1;;;;16;SW;ZzNAMEqQ S205A;40;SW;ZzNAMEqQ L115B
100g;10240;1;;;;16;SW;ZzNAMEqQ S205B;40;SW;ZzNAMEqQ L104A
100g;10240;1;;;;16;SW;ZzNAMEqQ S206A;40;SW;ZzNAMEqQ L117B
100g;10240;1;;;;16;SW;ZzNAMEqQ S206B;40;SW;ZzNAMEqQ L106A
100g;10240;1;;;;16;SW;ZzNAMEqQ S207A;40;SW;ZzNAMEqQ L119B
100g;10240;1;;;;16;SW;ZzNAMEqQ S207B;40;SW;ZzNAMEqQ L108A
100g;10240;1;;;;16;SW;ZzNAMEqQ S208A;40;SW;ZzNAMEqQ L121B
100g;10240;1;;;;16;SW;ZzNAMEqQ S208B;40;SW;ZzNAMEqQ L110A
100g;10240;1;;;;16;SW;ZzNAMEqQ S209A;40;SW;ZzNAMEqQ L123B
100g;10240;1;;;;16;SW;ZzNAMEqQ S209B;40;SW;ZzNAMEqQ L112A
100g;10240;1;;;;16;SW;ZzNAMEqQ S210A;40;SW;ZzNAMEqQ L101B
100g;10240;1;;;;16;SW;ZzNAMEqQ S210B;40;SW;ZzNAMEqQ L114A
100g;10240;1;;;;16;SW;ZzNAMEqQ S211A;40;SW;ZzNAMEqQ L103B
100g;10240;1;;;;16;SW;ZzNAMEqQ S211B;40;SW;ZzNAMEqQ L116A
100g;10240;1;;;;16;SW;ZzNAMEqQ S212A;40;SW;ZzNAMEqQ L105B
100g;10240;1;;;;16;SW;ZzNAMEqQ S212B;40;SW;ZzNAMEqQ L118A
100g;10240;1;;;;17;SW;ZzNAMEqQ S201A;41;SW;ZzNAMEqQ L109B
100g;10240;1;;;;17;SW;ZzNAMEqQ S201B;41;SW;ZzNAMEqQ L118A
100g;10240;1;;;;17;SW;ZzNAMEqQ S202A;41;SW;ZzNAMEqQ L111B
100g;10240;1;;;;17;SW;ZzNAMEqQ S202B;41;SW;ZzNAMEqQ L120A
100g;10240;1;;;;17;SW;ZzNAMEqQ S203A;41;SW;ZzNAMEqQ L113B
100g;10240;1;;;;17;SW;ZzNAMEqQ S203B;41;SW;ZzNAMEqQ L122A
100g;10240;1;;;;17;SW;ZzNAMEqQ S204A;41;SW;ZzNAMEqQ L115B
100g;10240;1;;;;17;SW;ZzNAMEqQ S204B;41;SW;ZzNAMEqQ L124A
100g;10240;1;;;;17;SW;ZzNAMEqQ S205A;41;SW;ZzNAMEqQ L117B
100g;10240;1;;;;17;SW;ZzNAMEqQ S205B;41;SW;ZzNAMEqQ L102A
100g;10240;1;;;;17;SW;ZzNAMEqQ S206A;41;SW;ZzNAMEqQ L119B
100g;10240;1;;;;17;SW;ZzNAMEqQ S206B;41;SW;ZzNAMEqQ L104A
100g;10240;1;;;;17;SW;ZzNAMEqQ S207A;41;SW;ZzNAMEqQ L121B
100g;10240;1;;;;17;SW;ZzNAMEqQ S207B;41;SW;ZzNAMEqQ L106A
100g;10240;1;;;;17;SW;ZzNAMEqQ S208A;41;SW;ZzNAMEqQ L123B
100g;10240;1;;;;17;SW;ZzNAMEqQ S208B;41;SW;ZzNAMEqQ L108A
100g;10240;1;;;;17;SW;ZzNAMEqQ S209A;41;SW;ZzNAMEqQ L101B
100g;10240;1;;;;17;SW;ZzNAMEqQ S209B;41;SW;ZzNAMEqQ L110A
100g;10240;1;;;;17;SW;ZzNAMEqQ S210A;41;SW;ZzNAMEqQ L103B
100g;10240;1;;;;17;SW;ZzNAMEqQ S210B;41;SW;ZzNAMEqQ L112A
100g;10240;1;;;;17;SW;ZzNAMEqQ S211A;41;SW;ZzNAMEqQ L105B
100g;10240;1;;;;17;SW;ZzNAMEqQ S211B;41;SW;ZzNAMEqQ L114A
100g;10240;1;;;;17;SW;ZzNAMEqQ S212A;41;SW;ZzNAMEqQ L107B
100g;10240;1;;;;17;SW;ZzNAMEqQ S212B;41;SW;ZzNAMEqQ L116A
100g;10240;1;;;;18;SW;ZzNAMEqQ S201A;42;SW;ZzNAMEqQ L111B
100g;10240;1;;;;18;SW;ZzNAMEqQ S201B;42;SW;ZzNAMEqQ L116A
100g;10240;1;;;;18;SW;ZzNAMEqQ S202A;42;SW;ZzNAMEqQ L113B
100g;10240;1;;;;18;SW;ZzNAMEqQ S202B;42;SW;ZzNAMEqQ L118A
100g;10240;1;;;;18;SW;ZzNAMEqQ S203A;42;SW;ZzNAMEqQ L115B
100g;10240;1;;;;18;SW;ZzNAMEqQ S203B;42;SW;ZzNAMEqQ L120A
100g;10240;1;;;;18;SW;ZzNAMEqQ S204A;42;SW;ZzNAMEqQ L117B
100g;10240;1;;;;18;SW;ZzNAMEqQ S204B;42;SW;ZzNAMEqQ L122A
100g;10240;1;;;;18;SW;ZzNAMEqQ S205A;42;SW;ZzNAMEqQ L119B
100g;10240;1;;;;18;SW;ZzNAMEqQ S205B;42;SW;ZzNAMEqQ L124A
100g;10240;1;;;;18;SW;ZzNAMEqQ S206A;42;SW;ZzNAMEqQ L121B
100g;10240;1;;;;18;SW;ZzNAMEqQ S206B;42;SW;ZzNAMEqQ L102A
100g;10240;1;;;;18;SW;ZzNAMEqQ S207A;42;SW;ZzNAMEqQ L123B
100g;10240;1;;;;18;SW;ZzNAMEqQ S207B;42;SW;ZzNAMEqQ L104A
100g;10240;1;;;;18;SW;ZzNAMEqQ S208A;42;SW;ZzNAMEqQ L101B
100g;10240;1;;;;18;SW;ZzNAMEqQ S208B;42;SW;ZzNAMEqQ L106A
100g;10240;1;;;;18;SW;ZzNAMEqQ S209A;42;SW;ZzNAMEqQ L103B
100g;10240;1;;;;18;SW;ZzNAMEqQ S209B;42;SW;ZzNAMEqQ L108A
100g;10240;1;;;;18;SW;ZzNAMEqQ S210A;42;SW;ZzNAMEqQ L105B
100g;10240;1;;;;18;SW;ZzNAMEqQ S210B;42;SW;ZzNAMEqQ L110A
100g;10240;1;;;;18;SW;ZzNAMEqQ S211A;42;SW;ZzNAMEqQ L107B
100g;10240;1;;;;18;SW;ZzNAMEqQ S211B;42;SW;ZzNAMEqQ L112A
100g;10240;1;;;;18;SW;ZzNAMEqQ S212A;42;SW;ZzNAMEqQ L109B
100g;10240;1;;;;18;SW;ZzNAMEqQ S212B;42;SW;ZzNAMEqQ L114A
100g;10240;1;;;;19;SW;ZzNAMEqQ S201A;30;SW;ZzNAMEqQ L103A
100g;10240;1;;;;19;SW;ZzNAMEqQ S201B;30;SW;ZzNAMEqQ L124B
100g;10240;1;;;;19;SW;ZzNAMEqQ S202A;30;SW;ZzNAMEqQ L105A
100g;10240;1;;;;19;SW;ZzNAMEqQ S202B;30;SW;ZzNAMEqQ L102B
100g;10240;1;;;;19;SW;ZzNAMEqQ S203A;30;SW;ZzNAMEqQ L107A
100g;10240;1;;;;19;SW;ZzNAMEqQ S203B;30;SW;ZzNAMEqQ L104B
100g;10240;1;;;;19;SW;ZzNAMEqQ S204A;30;SW;ZzNAMEqQ L109A
100g;10240;1;;;;19;SW;ZzNAMEqQ S204B;30;SW;ZzNAMEqQ L106B
100g;10240;1;;;;19;SW;ZzNAMEqQ S205A;30;SW;ZzNAMEqQ L111A
100g;10240;1;;;;19;SW;ZzNAMEqQ S205B;30;SW;ZzNAMEqQ L108B
100g;10240;1;;;;19;SW;ZzNAMEqQ S206A;30;SW;ZzNAMEqQ L113A
100g;10240;1;;;;19;SW;ZzNAMEqQ S206B;30;SW;ZzNAMEqQ L110B
100g;10240;1;;;;19;SW;ZzNAMEqQ S207A;30;SW;ZzNAMEqQ L115A
100g;10240;1;;;;19;SW;ZzNAMEqQ S207B;30;SW;ZzNAMEqQ L112B
100g;10240;1;;;;19;SW;ZzNAMEqQ S208A;30;SW;ZzNAMEqQ L117A
100g;10240;1;;;;19;SW;ZzNAMEqQ S208B;30;SW;ZzNAMEqQ L114B
100g;10240;1;;;;19;SW;ZzNAMEqQ S209A;30;SW;ZzNAMEqQ L119A
100g;10240;1;;;;19;SW;ZzNAMEqQ S209B;30;SW;ZzNAMEqQ L116B
100g;10240;1;;;;19;SW;ZzNAMEqQ S210A;30;SW;ZzNAMEqQ L121A
100g;10240;1;;;;19;SW;ZzNAMEqQ S210B;30;SW;ZzNAMEqQ L118B
100g;10240;1;;;;19;SW;ZzNAMEqQ S211A;30;SW;ZzNAMEqQ L123A
100g;10240;1;;;;19;SW;ZzNAMEqQ S211B;30;SW;ZzNAMEqQ L120B
100g;10240;1;;;;19;SW;ZzNAMEqQ S212A;30;SW;ZzNAMEqQ L101A
100g;10240;1;;;;19;SW;ZzNAMEqQ S212B;30;SW;ZzNAMEqQ L122B
100g;10240;1;;;;20;SW;ZzNAMEqQ S201A;29;SW;ZzNAMEqQ L105A
100g;10240;1;;;;20;SW;ZzNAMEqQ S201B;29;SW;ZzNAMEqQ L122B
100g;10240;1;;;;20;SW;ZzNAMEqQ S202A;29;SW;ZzNAMEqQ L107A
100g;10240;1;;;;20;SW;ZzNAMEqQ S202B;29;SW;ZzNAMEqQ L124B
100g;10240;1;;;;20;SW;ZzNAMEqQ S203A;29;SW;ZzNAMEqQ L109A
100g;10240;1;;;;20;SW;ZzNAMEqQ S203B;29;SW;ZzNAMEqQ L102B
100g;10240;1;;;;20;SW;ZzNAMEqQ S204A;29;SW;ZzNAMEqQ L111A
100g;10240;1;;;;20;SW;ZzNAMEqQ S204B;29;SW;ZzNAMEqQ L104B
100g;10240;1;;;;20;SW;ZzNAMEqQ S205A;29;SW;ZzNAMEqQ L113A
100g;10240;1;;;;20;SW;ZzNAMEqQ S205B;29;SW;ZzNAMEqQ L106B
100g;10240;1;;;;20;SW;ZzNAMEqQ S206A;29;SW;ZzNAMEqQ L115A
100g;10240;1;;;;20;SW;ZzNAMEqQ S206B;29;SW;ZzNAMEqQ L108B
100g;10240;1;;;;20;SW;ZzNAMEqQ S207A;29;SW;ZzNAMEqQ L117A
100g;10240;1;;;;20;SW;ZzNAMEqQ S207B;29;SW;ZzNAMEqQ L110B
100g;10240;1;;;;20;SW;ZzNAMEqQ S208A;29;SW;ZzNAMEqQ L119A
100g;10240;1;;;;20;SW;ZzNAMEqQ S208B;29;SW;ZzNAMEqQ L112B
100g;10240;1;;;;20;SW;ZzNAMEqQ S209A;29;SW;ZzNAMEqQ L121A
100g;10240;1;;;;20;SW;ZzNAMEqQ S209B;29;SW;ZzNAMEqQ L114B
100g;10240;1;;;;20;SW;ZzNAMEqQ S210A;29;SW;ZzNAMEqQ L123A
100g;10240;1;;;;20;SW;ZzNAMEqQ S210B;29;SW;ZzNAMEqQ L116B
100g;10240;1;;;;20;SW;ZzNAMEqQ S211A;29;SW;ZzNAMEqQ L101A
100g;10240;1;;;;20;SW;ZzNAMEqQ S211B;29;SW;ZzNAMEqQ L118B
100g;10240;1;;;;20;SW;ZzNAMEqQ S212A;29;SW;ZzNAMEqQ L103A
100g;10240;1;;;;20;SW;ZzNAMEqQ S212B;29;SW;ZzNAMEqQ L120B
100g;10240;1;;;;21;SW;ZzNAMEqQ S201A;28;SW;ZzNAMEqQ L107A
100g;10240;1;;;;21;SW;ZzNAMEqQ S201B;28;SW;ZzNAMEqQ L120B
100g;10240;1;;;;21;SW;ZzNAMEqQ S202A;28;SW;ZzNAMEqQ L109A
100g;10240;1;;;;21;SW;ZzNAMEqQ S202B;28;SW;ZzNAMEqQ L122B
100g;10240;1;;;;21;SW;ZzNAMEqQ S203A;28;SW;ZzNAMEqQ L111A
100g;10240;1;;;;21;SW;ZzNAMEqQ S203B;28;SW;ZzNAMEqQ L124B
100g;10240;1;;;;21;SW;ZzNAMEqQ S204A;28;SW;ZzNAMEqQ L113A
100g;10240;1;;;;21;SW;ZzNAMEqQ S204B;28;SW;ZzNAMEqQ L102B
100g;10240;1;;;;21;SW;ZzNAMEqQ S205A;28;SW;ZzNAMEqQ L115A
100g;10240;1;;;;21;SW;ZzNAMEqQ S205B;28;SW;ZzNAMEqQ L104B
100g;10240;1;;;;21;SW;ZzNAMEqQ S206A;28;SW;ZzNAMEqQ L117A
100g;10240;1;;;;21;SW;ZzNAMEqQ S206B;28;SW;ZzNAMEqQ L106B
100g;10240;1;;;;21;SW;ZzNAMEqQ S207A;28;SW;ZzNAMEqQ L119A
100g;10240;1;;;;21;SW;ZzNAMEqQ S207B;28;SW;ZzNAMEqQ L108B
100g;10240;1;;;;21;SW;ZzNAMEqQ S208A;28;SW;ZzNAMEqQ L121A
100g;10240;1;;;;21;SW;ZzNAMEqQ S208B;28;SW;ZzNAMEqQ L110B
100g;10240;1;;;;21;SW;ZzNAMEqQ S209A;28;SW;ZzNAMEqQ L123A
100g;10240;1;;;;21;SW;ZzNAMEqQ S209B;28;SW;ZzNAMEqQ L112B
100g;10240;1;;;;21;SW;ZzNAMEqQ S210A;28;SW;ZzNAMEqQ L101A
100g;10240;1;;;;21;SW;ZzNAMEqQ S210B;28;SW;ZzNAMEqQ L114B
100g;10240;1;;;;21;SW;ZzNAMEqQ S211A;28;SW;ZzNAMEqQ L103A
100g;10240;1;;;;21;SW;ZzNAMEqQ S211B;28;SW;ZzNAMEqQ L116B
100g;10240;1;;;;21;SW;ZzNAMEqQ S212A;28;SW;ZzNAMEqQ L105A
100g;10240;1;;;;21;SW;ZzNAMEqQ S212B;28;SW;ZzNAMEqQ L118B
100g;10240;1;;;;22;SW;ZzNAMEqQ S201A;27;SW;ZzNAMEqQ L109A
100g;10240;1;;;;22;SW;ZzNAMEqQ S201B;27;SW;ZzNAMEqQ L118B
100g;10240;1;;;;22;SW;ZzNAMEqQ S202A;27;SW;ZzNAMEqQ L111A
100g;10240;1;;;;22;SW;ZzNAMEqQ S202B;27;SW;ZzNAMEqQ L120B
100g;10240;1;;;;22;SW;ZzNAMEqQ S203A;27;SW;ZzNAMEqQ L113A
100g;10240;1;;;;22;SW;ZzNAMEqQ S203B;27;SW;ZzNAMEqQ L122B
100g;10240;1;;;;22;SW;ZzNAMEqQ S204A;27;SW;ZzNAMEqQ L115A
100g;10240;1;;;;22;SW;ZzNAMEqQ S204B;27;SW;ZzNAMEqQ L124B
100g;10240;1;;;;22;SW;ZzNAMEqQ S205A;27;SW;ZzNAMEqQ L117A
100g;10240;1;;;;22;SW;ZzNAMEqQ S205B;27;SW;ZzNAMEqQ L102B
100g;10240;1;;;;22;SW;ZzNAMEqQ S206A;27;SW;ZzNAMEqQ L119A
100g;10240;1;;;;22;SW;ZzNAMEqQ S206B;27;SW;ZzNAMEqQ L104B
100g;10240;1;;;;22;SW;ZzNAMEqQ S207A;27;SW;ZzNAMEqQ L121A
100g;10240;1;;;;22;SW;ZzNAMEqQ S207B;27;SW;ZzNAMEqQ L106B
100g;10240;1;;;;22;SW;ZzNAMEqQ S208A;27;SW;ZzNAMEqQ L123A
100g;10240;1;;;;22;SW;ZzNAMEqQ S208B;27;SW;ZzNAMEqQ L108B
100g;10240;1;;;;22;SW;ZzNAMEqQ S209A;27;SW;ZzNAMEqQ L101A
100g;10240;1;;;;22;SW;ZzNAMEqQ S209B;27;SW;ZzNAMEqQ L110B
100g;10240;1;;;;22;SW;ZzNAMEqQ S210A;27;SW;ZzNAMEqQ L103A
100g;10240;1;;;;22;SW;ZzNAMEqQ S210B;27;SW;ZzNAMEqQ L112B
100g;10240;1;;;;22;SW;ZzNAMEqQ S211A;27;SW;ZzNAMEqQ L105A
100g;10240;1;;;;22;SW;ZzNAMEqQ S211B;27;SW;ZzNAMEqQ L114B
100g;10240;1;;;;22;SW;ZzNAMEqQ S212A;27;SW;ZzNAMEqQ L107A
100g;10240;1;;;;22;SW;ZzNAMEqQ S212B;27;SW;ZzNAMEqQ L116B
100g;10240;1;;;;23;SW;ZzNAMEqQ S201A;26;SW;ZzNAMEqQ L111A
100g;10240;1;;;;23;SW;ZzNAMEqQ S201B;26;SW;ZzNAMEqQ L116B
100g;10240;1;;;;23;SW;ZzNAMEqQ S202A;26;SW;ZzNAMEqQ L113A
100g;10240;1;;;;23;SW;ZzNAMEqQ S202B;26;SW;ZzNAMEqQ L118B
100g;10240;1;;;;23;SW;ZzNAMEqQ S203A;26;SW;ZzNAMEqQ L115A
100g;10240;1;;;;23;SW;ZzNAMEqQ S203B;26;SW;ZzNAMEqQ L120B
100g;10240;1;;;;23;SW;ZzNAMEqQ S204A;26;SW;ZzNAMEqQ L117A
100g;10240;1;;;;23;SW;ZzNAMEqQ S204B;26;SW;ZzNAMEqQ L122B
100g;10240;1;;;;23;SW;ZzNAMEqQ S205A;26;SW;ZzNAMEqQ L119A
100g;10240;1;;;;23;SW;ZzNAMEqQ S205B;26;SW;ZzNAMEqQ L124B
100g;10240;1;;;;23;SW;ZzNAMEqQ S206A;26;SW;ZzNAMEqQ L121A
100g;10240;1;;;;23;SW;ZzNAMEqQ S206B;26;SW;ZzNAMEqQ L102B
100g;10240;1;;;;23;SW;ZzNAMEqQ S207A;26;SW;ZzNAMEqQ L123A
100g;10240;1;;;;23;SW;ZzNAMEqQ S207B;26;SW;ZzNAMEqQ L104B
100g;10240;1;;;;23;SW;ZzNAMEqQ S208A;26;SW;ZzNAMEqQ L101A
100g;10240;1;;;;23;SW;ZzNAMEqQ S208B;26;SW;ZzNAMEqQ L106B
100g;10240;1;;;;23;SW;ZzNAMEqQ S209A;26;SW;ZzNAMEqQ L103A
100g;10240;1;;;;23;SW;ZzNAMEqQ S209B;26;SW;ZzNAMEqQ L108B
100g;10240;1;;;;23;SW;ZzNAMEqQ S210A;26;SW;ZzNAMEqQ L105A
100g;10240;1;;;;23;SW;ZzNAMEqQ S210B;26;SW;ZzNAMEqQ L110B
100g;10240;1;;;;23;SW;ZzNAMEqQ S211A;26;SW;ZzNAMEqQ L107A
100g;10240;1;;;;23;SW;ZzNAMEqQ S211B;26;SW;ZzNAMEqQ L112B
100g;10240;1;;;;23;SW;ZzNAMEqQ S212A;26;SW;ZzNAMEqQ L109A
100g;10240;1;;;;23;SW;ZzNAMEqQ S212B;26;SW;ZzNAMEqQ L114B
100g;10240;1;;;;24;SW;ZzNAMEqQ S201A;25;SW;ZzNAMEqQ L101A
100g;10240;1;;;;24;SW;ZzNAMEqQ S201B;25;SW;ZzNAMEqQ L114B
100g;10240;1;;;;24;SW;ZzNAMEqQ S202A;25;SW;ZzNAMEqQ L103A
100g;10240;1;;;;24;SW;ZzNAMEqQ S202B;25;SW;ZzNAMEqQ L116B
100g;10240;1;;;;24;SW;ZzNAMEqQ S203A;25;SW;ZzNAMEqQ L105A
100g;10240;1;;;;24;SW;ZzNAMEqQ S203B;25;SW;ZzNAMEqQ L118B
100g;10240;1;;;;24;SW;ZzNAMEqQ S204A;25;SW;ZzNAMEqQ L107A
100g;10240;1;;;;24;SW;ZzNAMEqQ S204B;25;SW;ZzNAMEqQ L120B
100g;10240;1;;;;24;SW;ZzNAMEqQ S205A;25;SW;ZzNAMEqQ L109A
100g;10240;1;;;;24;SW;ZzNAMEqQ S205B;25;SW;ZzNAMEqQ L122B
100g;10240;1;;;;24;SW;ZzNAMEqQ S206A;25;SW;ZzNAMEqQ L111A
100g;10240;1;;;;24;SW;ZzNAMEqQ S206B;25;SW;ZzNAMEqQ L124B
100g;10240;1;;;;24;SW;ZzNAMEqQ S207A;25;SW;ZzNAMEqQ L113A
100g;10240;1;;;;24;SW;ZzNAMEqQ S207B;25;SW;ZzNAMEqQ L102B
100g;10240;1;;;;24;SW;ZzNAMEqQ S208A;25;SW;ZzNAMEqQ L115A
100g;10240;1;;;;24;SW;ZzNAMEqQ S208B;25;SW;ZzNAMEqQ L104B
100g;10240;1;;;;24;SW;ZzNAMEqQ S209A;25;SW;ZzNAMEqQ L117A
100g;10240;1;;;;24;SW;ZzNAMEqQ S209B;25;SW;ZzNAMEqQ L106B
100g;10240;1;;;;24;SW;ZzNAMEqQ S210A;25;SW;ZzNAMEqQ L119A
100g;10240;1;;;;24;SW;ZzNAMEqQ S210B;25;SW;ZzNAMEqQ L108B
100g;10240;1;;;;24;SW;ZzNAMEqQ S211A;25;SW;ZzNAMEqQ L121A
100g;10240;1;;;;24;SW;ZzNAMEqQ S211B;25;SW;ZzNAMEqQ L110B
100g;10240;1;;;;24;SW;ZzNAMEqQ S212A;25;SW;ZzNAMEqQ L123A
100g;10240;1;;;;24;SW;ZzNAMEqQ S212B;25;SW;ZzNAMEqQ L112B
100g;10240;1;;;;25;SW;ZzNAMEqQ S201A;48;SW;ZzNAMEqQ L114A
100g;10240;1;;;;25;SW;ZzNAMEqQ S201B;48;SW;ZzNAMEqQ L101B
100g;10240;1;;;;25;SW;ZzNAMEqQ S202A;48;SW;ZzNAMEqQ L116A
100g;10240;1;;;;25;SW;ZzNAMEqQ S202B;48;SW;ZzNAMEqQ L103B
100g;10240;1;;;;25;SW;ZzNAMEqQ S203A;48;SW;ZzNAMEqQ L118A
100g;10240;1;;;;25;SW;ZzNAMEqQ S203B;48;SW;ZzNAMEqQ L105B
100g;10240;1;;;;25;SW;ZzNAMEqQ S204A;48;SW;ZzNAMEqQ L120A
100g;10240;1;;;;25;SW;ZzNAMEqQ S204B;48;SW;ZzNAMEqQ L107B
100g;10240;1;;;;25;SW;ZzNAMEqQ S205A;48;SW;ZzNAMEqQ L122A
100g;10240;1;;;;25;SW;ZzNAMEqQ S205B;48;SW;ZzNAMEqQ L109B
100g;10240;1;;;;25;SW;ZzNAMEqQ S206A;48;SW;ZzNAMEqQ L124A
100g;10240;1;;;;25;SW;ZzNAMEqQ S206B;48;SW;ZzNAMEqQ L111B
100g;10240;1;;;;25;SW;ZzNAMEqQ S207A;48;SW;ZzNAMEqQ L102A
100g;10240;1;;;;25;SW;ZzNAMEqQ S207B;48;SW;ZzNAMEqQ L113B
100g;10240;1;;;;25;SW;ZzNAMEqQ S208A;48;SW;ZzNAMEqQ L104A
100g;10240;1;;;;25;SW;ZzNAMEqQ S208B;48;SW;ZzNAMEqQ L115B
100g;10240;1;;;;25;SW;ZzNAMEqQ S209A;48;SW;ZzNAMEqQ L106A
100g;10240;1;;;;25;SW;ZzNAMEqQ S209B;48;SW;ZzNAMEqQ L117B
100g;10240;1;;;;25;SW;ZzNAMEqQ S210A;48;SW;ZzNAMEqQ L108A
100g;10240;1;;;;25;SW;ZzNAMEqQ S210B;48;SW;ZzNAMEqQ L119B
100g;10240;1;;;;25;SW;ZzNAMEqQ S211A;48;SW;ZzNAMEqQ L110A
100g;10240;1;;;;25;SW;ZzNAMEqQ S211B;48;SW;ZzNAMEqQ L121B
100g;10240;1;;;;25;SW;ZzNAMEqQ S212A;48;SW;ZzNAMEqQ L112A
100g;10240;1;;;;25;SW;ZzNAMEqQ S212B;48;SW;ZzNAMEqQ L123B
100g;10240;1;;;;26;SW;ZzNAMEqQ S201A;47;SW;ZzNAMEqQ L116A
100g;10240;1;;;;26;SW;ZzNAMEqQ S201B;47;SW;ZzNAMEqQ L111B
100g;10240;1;;;;26;SW;ZzNAMEqQ S202A;47;SW;ZzNAMEqQ L118A
100g;10240;1;;;;26;SW;ZzNAMEqQ S202B;47;SW;ZzNAMEqQ L113B
100g;10240;1;;;;26;SW;ZzNAMEqQ S203A;47;SW;ZzNAMEqQ L120A
100g;10240;1;;;;26;SW;ZzNAMEqQ S203B;47;SW;ZzNAMEqQ L115B
100g;10240;1;;;;26;SW;ZzNAMEqQ S204A;47;SW;ZzNAMEqQ L122A
100g;10240;1;;;;26;SW;ZzNAMEqQ S204B;47;SW;ZzNAMEqQ L117B
100g;10240;1;;;;26;SW;ZzNAMEqQ S205A;47;SW;ZzNAMEqQ L124A
100g;10240;1;;;;26;SW;ZzNAMEqQ S205B;47;SW;ZzNAMEqQ L119B
100g;10240;1;;;;26;SW;ZzNAMEqQ S206A;47;SW;ZzNAMEqQ L102A
100g;10240;1;;;;26;SW;ZzNAMEqQ S206B;47;SW;ZzNAMEqQ L121B
100g;10240;1;;;;26;SW;ZzNAMEqQ S207A;47;SW;ZzNAMEqQ L104A
100g;10240;1;;;;26;SW;ZzNAMEqQ S207B;47;SW;ZzNAMEqQ L123B
100g;10240;1;;;;26;SW;ZzNAMEqQ S208A;47;SW;ZzNAMEqQ L106A
100g;10240;1;;;;26;SW;ZzNAMEqQ S208B;47;SW;ZzNAMEqQ L101B
100g;10240;1;;;;26;SW;ZzNAMEqQ S209A;47;SW;ZzNAMEqQ L108A
100g;10240;1;;;;26;SW;ZzNAMEqQ S209B;47;SW;ZzNAMEqQ L103B
100g;10240;1;;;;26;SW;ZzNAMEqQ S210A;47;SW;ZzNAMEqQ L110A
100g;10240;1;;;;26;SW;ZzNAMEqQ S210B;47;SW;ZzNAMEqQ L105B
100g;10240;1;;;;26;SW;ZzNAMEqQ S211A;47;SW;ZzNAMEqQ L112A
100g;10240;1;;;;26;SW;ZzNAMEqQ S211B;47;SW;ZzNAMEqQ L107B
100g;10240;1;;;;26;SW;ZzNAMEqQ S212A;47;SW;ZzNAMEqQ L114A
100g;10240;1;;;;26;SW;ZzNAMEqQ S212B;47;SW;ZzNAMEqQ L109B
100g;10240;1;;;;27;SW;ZzNAMEqQ S201A;46;SW;ZzNAMEqQ L118A
100g;10240;1;;;;27;SW;ZzNAMEqQ S201B;46;SW;ZzNAMEqQ L109B
100g;10240;1;;;;27;SW;ZzNAMEqQ S202A;46;SW;ZzNAMEqQ L120A
100g;10240;1;;;;27;SW;ZzNAMEqQ S202B;46;SW;ZzNAMEqQ L111B
100g;10240;1;;;;27;SW;ZzNAMEqQ S203A;46;SW;ZzNAMEqQ L122A
100g;10240;1;;;;27;SW;ZzNAMEqQ S203B;46;SW;ZzNAMEqQ L113B
100g;10240;1;;;;27;SW;ZzNAMEqQ S204A;46;SW;ZzNAMEqQ L124A
100g;10240;1;;;;27;SW;ZzNAMEqQ S204B;46;SW;ZzNAMEqQ L115B
100g;10240;1;;;;27;SW;ZzNAMEqQ S205A;46;SW;ZzNAMEqQ L102A
100g;10240;1;;;;27;SW;ZzNAMEqQ S205B;46;SW;ZzNAMEqQ L117B
100g;10240;1;;;;27;SW;ZzNAMEqQ S206A;46;SW;ZzNAMEqQ L104A
100g;10240;1;;;;27;SW;ZzNAMEqQ S206B;46;SW;ZzNAMEqQ L119B
100g;10240;1;;;;27;SW;ZzNAMEqQ S207A;46;SW;ZzNAMEqQ L106A
100g;10240;1;;;;27;SW;ZzNAMEqQ S207B;46;SW;ZzNAMEqQ L121B
100g;10240;1;;;;27;SW;ZzNAMEqQ S208A;46;SW;ZzNAMEqQ L108A
100g;10240;1;;;;27;SW;ZzNAMEqQ S208B;46;SW;ZzNAMEqQ L123B
100g;10240;1;;;;27;SW;ZzNAMEqQ S209A;46;SW;ZzNAMEqQ L110A
100g;10240;1;;;;27;SW;ZzNAMEqQ S209B;46;SW;ZzNAMEqQ L101B
100g;10240;1;;;;27;SW;ZzNAMEqQ S210A;46;SW;ZzNAMEqQ L112A
100g;10240;1;;;;27;SW;ZzNAMEqQ S210B;46;SW;ZzNAMEqQ L103B
100g;10240;1;;;;27;SW;ZzNAMEqQ S211A;46;SW;ZzNAMEqQ L114A
100g;10240;1;;;;27;SW;ZzNAMEqQ S211B;46;SW;ZzNAMEqQ L105B
100g;10240;1;;;;27;SW;ZzNAMEqQ S212A;46;SW;ZzNAMEqQ L116A
100g;10240;1;;;;27;SW;ZzNAMEqQ S212B;46;SW;ZzNAMEqQ L107B
100g;10240;1;;;;28;SW;ZzNAMEqQ S201A;45;SW;ZzNAMEqQ L120A
100g;10240;1;;;;28;SW;ZzNAMEqQ S201B;45;SW;ZzNAMEqQ L107B
100g;10240;1;;;;28;SW;ZzNAMEqQ S202A;45;SW;ZzNAMEqQ L122A
100g;10240;1;;;;28;SW;ZzNAMEqQ S202B;45;SW;ZzNAMEqQ L109B
100g;10240;1;;;;28;SW;ZzNAMEqQ S203A;45;SW;ZzNAMEqQ L124A
100g;10240;1;;;;28;SW;ZzNAMEqQ S203B;45;SW;ZzNAMEqQ L111B
100g;10240;1;;;;28;SW;ZzNAMEqQ S204A;45;SW;ZzNAMEqQ L102A
100g;10240;1;;;;28;SW;ZzNAMEqQ S204B;45;SW;ZzNAMEqQ L113B
100g;10240;1;;;;28;SW;ZzNAMEqQ S205A;45;SW;ZzNAMEqQ L104A
100g;10240;1;;;;28;SW;ZzNAMEqQ S205B;45;SW;ZzNAMEqQ L115B
100g;10240;1;;;;28;SW;ZzNAMEqQ S206A;45;SW;ZzNAMEqQ L106A
100g;10240;1;;;;28;SW;ZzNAMEqQ S206B;45;SW;ZzNAMEqQ L117B
100g;10240;1;;;;28;SW;ZzNAMEqQ S207A;45;SW;ZzNAMEqQ L108A
100g;10240;1;;;;28;SW;ZzNAMEqQ S207B;45;SW;ZzNAMEqQ L119B
100g;10240;1;;;;28;SW;ZzNAMEqQ S208A;45;SW;ZzNAMEqQ L110A
100g;10240;1;;;;28;SW;ZzNAMEqQ S208B;45;SW;ZzNAMEqQ L121B
100g;10240;1;;;;28;SW;ZzNAMEqQ S209A;45;SW;ZzNAMEqQ L112A
100g;10240;1;;;;28;SW;ZzNAMEqQ S209B;45;SW;ZzNAMEqQ L123B
100g;10240;1;;;;28;SW;ZzNAMEqQ S210A;45;SW;ZzNAMEqQ L114A
100g;10240;1;;;;28;SW;ZzNAMEqQ S210B;45;SW;ZzNAMEqQ L101B
100g;10240;1;;;;28;SW;ZzNAMEqQ S211A;45;SW;ZzNAMEqQ L116A
100g;10240;1;;;;28;SW;ZzNAMEqQ S211B;45;SW;ZzNAMEqQ L103B
100g;10240;1;;;;28;SW;ZzNAMEqQ S212A;45;SW;ZzNAMEqQ L118A
100g;10240;1;;;;28;SW;ZzNAMEqQ S212B;45;SW;ZzNAMEqQ L105B
100g;10240;1;;;;29;SW;ZzNAMEqQ S201A;44;SW;ZzNAMEqQ L122A
100g;10240;1;;;;29;SW;ZzNAMEqQ S201B;44;SW;ZzNAMEqQ L105B
100g;10240;1;;;;29;SW;ZzNAMEqQ S202A;44;SW;ZzNAMEqQ L124A
100g;10240;1;;;;29;SW;ZzNAMEqQ S202B;44;SW;ZzNAMEqQ L107B
100g;10240;1;;;;29;SW;ZzNAMEqQ S203A;44;SW;ZzNAMEqQ L102A
100g;10240;1;;;;29;SW;ZzNAMEqQ S203B;44;SW;ZzNAMEqQ L109B
100g;10240;1;;;;29;SW;ZzNAMEqQ S204A;44;SW;ZzNAMEqQ L104A
100g;10240;1;;;;29;SW;ZzNAMEqQ S204B;44;SW;ZzNAMEqQ L111B
100g;10240;1;;;;29;SW;ZzNAMEqQ S205A;44;SW;ZzNAMEqQ L106A
100g;10240;1;;;;29;SW;ZzNAMEqQ S205B;44;SW;ZzNAMEqQ L113B
100g;10240;1;;;;29;SW;ZzNAMEqQ S206A;44;SW;ZzNAMEqQ L108A
100g;10240;1;;;;29;SW;ZzNAMEqQ S206B;44;SW;ZzNAMEqQ L115B
100g;10240;1;;;;29;SW;ZzNAMEqQ S207A;44;SW;ZzNAMEqQ L110A
100g;10240;1;;;;29;SW;ZzNAMEqQ S207B;44;SW;ZzNAMEqQ L117B
100g;10240;1;;;;29;SW;ZzNAMEqQ S208A;44;SW;ZzNAMEqQ L112A
100g;10240;1;;;;29;SW;ZzNAMEqQ S208B;44;SW;ZzNAMEqQ L119B
100g;10240;1;;;;29;SW;ZzNAMEqQ S209A;44;SW;ZzNAMEqQ L114A
100g;10240;1;;;;29;SW;ZzNAMEqQ S209B;44;SW;ZzNAMEqQ L121B
100g;10240;1;;;;29;SW;ZzNAMEqQ S210A;44;SW;ZzNAMEqQ L116A
100g;10240;1;;;;29;SW;ZzNAMEqQ S210B;44;SW;ZzNAMEqQ L123B
100g;10240;1;;;;29;SW;ZzNAMEqQ S211A;44;SW;ZzNAMEqQ L118A
100g;10240;1;;;;29;SW;ZzNAMEqQ S211B;44;SW;ZzNAMEqQ L101B
100g;10240;1;;;;29;SW;ZzNAMEqQ S212A;44;SW;ZzNAMEqQ L120A
100g;10240;1;;;;29;SW;ZzNAMEqQ S212B;44;SW;ZzNAMEqQ L103B
100g;10240;1;;;;30;SW;ZzNAMEqQ S201A;43;SW;ZzNAMEqQ L124A
100g;10240;1;;;;30;SW;ZzNAMEqQ S201B;43;SW;ZzNAMEqQ L103B
100g;10240;1;;;;30;SW;ZzNAMEqQ S202A;43;SW;ZzNAMEqQ L102A
100g;10240;1;;;;30;SW;ZzNAMEqQ S202B;43;SW;ZzNAMEqQ L105B
100g;10240;1;;;;30;SW;ZzNAMEqQ S203A;43;SW;ZzNAMEqQ L104A
100g;10240;1;;;;30;SW;ZzNAMEqQ S203B;43;SW;ZzNAMEqQ L107B
100g;10240;1;;;;30;SW;ZzNAMEqQ S204A;43;SW;ZzNAMEqQ L106A
100g;10240;1;;;;30;SW;ZzNAMEqQ S204B;43;SW;ZzNAMEqQ L109B
100g;10240;1;;;;30;SW;ZzNAMEqQ S205A;43;SW;ZzNAMEqQ L108A
100g;10240;1;;;;30;SW;ZzNAMEqQ S205B;43;SW;ZzNAMEqQ L111B
100g;10240;1;;;;30;SW;ZzNAMEqQ S206A;43;SW;ZzNAMEqQ L110A
100g;10240;1;;;;30;SW;ZzNAMEqQ S206B;43;SW;ZzNAMEqQ L113B
100g;10240;1;;;;30;SW;ZzNAMEqQ S207A;43;SW;ZzNAMEqQ L112A
100g;10240;1;;;;30;SW;ZzNAMEqQ S207B;43;SW;ZzNAMEqQ L115B
100g;10240;1;;;;30;SW;ZzNAMEqQ S208A;43;SW;ZzNAMEqQ L114A
100g;10240;1;;;;30;SW;ZzNAMEqQ S208B;43;SW;ZzNAMEqQ L117B
100g;10240;1;;;;30;SW;ZzNAMEqQ S209A;43;SW;ZzNAMEqQ L116A
100g;10240;1;;;;30;SW;ZzNAMEqQ S209B;43;SW;ZzNAMEqQ L119B
100g;10240;1;;;;30;SW;ZzNAMEqQ S210A;43;SW;ZzNAMEqQ L118A
100g;10240;1;;;;30;SW;ZzNAMEqQ S210B;43;SW;ZzNAMEqQ L121B
100g;10240;1;;;;30;SW;ZzNAMEqQ S211A;43;SW;ZzNAMEqQ L120A
100g;10240;1;;;;30;SW;ZzNAMEqQ S211B;43;SW;ZzNAMEqQ L123B
100g;10240;1;;;;30;SW;ZzNAMEqQ S212A;43;SW;ZzNAMEqQ L122A
100g;10240;1;;;;30;SW;ZzNAMEqQ S212B;43;SW;ZzNAMEqQ L101B
100g;10240;1;;;;31;SW;ZzNAMEqQ S201A;31;SW;ZzNAMEqQ L114B
100g;10240;1;;;;31;SW;ZzNAMEqQ S201B;31;SW;ZzNAMEqQ L113A
100g;10240;1;;;;31;SW;ZzNAMEqQ S202A;31;SW;ZzNAMEqQ L116B
100g;10240;1;;;;31;SW;ZzNAMEqQ S202B;31;SW;ZzNAMEqQ L115A
100g;10240;1;;;;31;SW;ZzNAMEqQ S203A;31;SW;ZzNAMEqQ L118B
100g;10240;1;;;;31;SW;ZzNAMEqQ S203B;31;SW;ZzNAMEqQ L117A
100g;10240;1;;;;31;SW;ZzNAMEqQ S204A;31;SW;ZzNAMEqQ L120B
100g;10240;1;;;;31;SW;ZzNAMEqQ S204B;31;SW;ZzNAMEqQ L119A
100g;10240;1;;;;31;SW;ZzNAMEqQ S205A;31;SW;ZzNAMEqQ L122B
100g;10240;1;;;;31;SW;ZzNAMEqQ S205B;31;SW;ZzNAMEqQ L121A
100g;10240;1;;;;31;SW;ZzNAMEqQ S206A;31;SW;ZzNAMEqQ L124B
100g;10240;1;;;;31;SW;ZzNAMEqQ S206B;31;SW;ZzNAMEqQ L123A
100g;10240;1;;;;31;SW;ZzNAMEqQ S207A;31;SW;ZzNAMEqQ L102B
100g;10240;1;;;;31;SW;ZzNAMEqQ S207B;31;SW;ZzNAMEqQ L101A
100g;10240;1;;;;31;SW;ZzNAMEqQ S208A;31;SW;ZzNAMEqQ L104B
100g;10240;1;;;;31;SW;ZzNAMEqQ S208B;31;SW;ZzNAMEqQ L103A
100g;10240;1;;;;31;SW;ZzNAMEqQ S209A;31;SW;ZzNAMEqQ L106B
100g;10240;1;;;;31;SW;ZzNAMEqQ S209B;31;SW;ZzNAMEqQ L105A
100g;10240;1;;;;31;SW;ZzNAMEqQ S210A;31;SW;ZzNAMEqQ L108B
100g;10240;1;;;;31;SW;ZzNAMEqQ S210B;31;SW;ZzNAMEqQ L107A
100g;10240;1;;;;31;SW;ZzNAMEqQ S211A;31;SW;ZzNAMEqQ L110B
100g;10240;1;;;;31;SW;ZzNAMEqQ S211B;31;SW;ZzNAMEqQ L109A
100g;10240;1;;;;31;SW;ZzNAMEqQ S212A;31;SW;ZzNAMEqQ L112B
100g;10240;1;;;;31;SW;ZzNAMEqQ S212B;31;SW;ZzNAMEqQ L111A
100g;10240;1;;;;32;SW;ZzNAMEqQ S201A;32;SW;ZzNAMEqQ L116B
100g;10240;1;;;;32;SW;ZzNAMEqQ S201B;32;SW;ZzNAMEqQ L111A
100g;10240;1;;;;32;SW;ZzNAMEqQ S202A;32;SW;ZzNAMEqQ L118B
100g;10240;1;;;;32;SW;ZzNAMEqQ S202B;32;SW;ZzNAMEqQ L113A
100g;10240;1;;;;32;SW;ZzNAMEqQ S203A;32;SW;ZzNAMEqQ L120B
100g;10240;1;;;;32;SW;ZzNAMEqQ S203B;32;SW;ZzNAMEqQ L115A
100g;10240;1;;;;32;SW;ZzNAMEqQ S204A;32;SW;ZzNAMEqQ L122B
100g;10240;1;;;;32;SW;ZzNAMEqQ S204B;32;SW;ZzNAMEqQ L117A
100g;10240;1;;;;32;SW;ZzNAMEqQ S205A;32;SW;ZzNAMEqQ L124B
100g;10240;1;;;;32;SW;ZzNAMEqQ S205B;32;SW;ZzNAMEqQ L119A
100g;10240;1;;;;32;SW;ZzNAMEqQ S206A;32;SW;ZzNAMEqQ L102B
100g;10240;1;;;;32;SW;ZzNAMEqQ S206B;32;SW;ZzNAMEqQ L121A
100g;10240;1;;;;32;SW;ZzNAMEqQ S207A;32;SW;ZzNAMEqQ L104B
100g;10240;1;;;;32;SW;ZzNAMEqQ S207B;32;SW;ZzNAMEqQ L123A
100g;10240;1;;;;32;SW;ZzNAMEqQ S208A;32;SW;ZzNAMEqQ L106B
100g;10240;1;;;;32;SW;ZzNAMEqQ S208B;32;SW;ZzNAMEqQ L101A
100g;10240;1;;;;32;SW;ZzNAMEqQ S209A;32;SW;ZzNAMEqQ L108B
100g;10240;1;;;;32;SW;ZzNAMEqQ S209B;32;SW;ZzNAMEqQ L103A
100g;10240;1;;;;32;SW;ZzNAMEqQ S210A;32;SW;ZzNAMEqQ L110B
100g;10240;1;;;;32;SW;ZzNAMEqQ S210B;32;SW;ZzNAMEqQ L105A
100g;10240;1;;;;32;SW;ZzNAMEqQ S211A;32;SW;ZzNAMEqQ L112B
100g;10240;1;;;;32;SW;ZzNAMEqQ S211B;32;SW;ZzNAMEqQ L107A
100g;10240;1;;;;32;SW;ZzNAMEqQ S212A;32;SW;ZzNAMEqQ L114B
100g;10240;1;;;;32;SW;ZzNAMEqQ S212B;32;SW;ZzNAMEqQ L109A
100g;10240;1;;;;33;SW;ZzNAMEqQ S201A;33;SW;ZzNAMEqQ L118B
100g;10240;1;;;;33;SW;ZzNAMEqQ S201B;33;SW;ZzNAMEqQ L109A
100g;10240;1;;;;33;SW;ZzNAMEqQ S202A;33;SW;ZzNAMEqQ L120B
100g;10240;1;;;;33;SW;ZzNAMEqQ S202B;33;SW;ZzNAMEqQ L111A
100g;10240;1;;;;33;SW;ZzNAMEqQ S203A;33;SW;ZzNAMEqQ L122B
100g;10240;1;;;;33;SW;ZzNAMEqQ S203B;33;SW;ZzNAMEqQ L113A
100g;10240;1;;;;33;SW;ZzNAMEqQ S204A;33;SW;ZzNAMEqQ L124B
100g;10240;1;;;;33;SW;ZzNAMEqQ S204B;33;SW;ZzNAMEqQ L115A
100g;10240;1;;;;33;SW;ZzNAMEqQ S205A;33;SW;ZzNAMEqQ L102B
100g;10240;1;;;;33;SW;ZzNAMEqQ S205B;33;SW;ZzNAMEqQ L117A
100g;10240;1;;;;33;SW;ZzNAMEqQ S206A;33;SW;ZzNAMEqQ L104B
100g;10240;1;;;;33;SW;ZzNAMEqQ S206B;33;SW;ZzNAMEqQ L119A
100g;10240;1;;;;33;SW;ZzNAMEqQ S207A;33;SW;ZzNAMEqQ L106B
100g;10240;1;;;;33;SW;ZzNAMEqQ S207B;33;SW;ZzNAMEqQ L121A
100g;10240;1;;;;33;SW;ZzNAMEqQ S208A;33;SW;ZzNAMEqQ L108B
100g;10240;1;;;;33;SW;ZzNAMEqQ S208B;33;SW;ZzNAMEqQ L123A
100g;10240;1;;;;33;SW;ZzNAMEqQ S209A;33;SW;ZzNAMEqQ L110B
100g;10240;1;;;;33;SW;ZzNAMEqQ S209B;33;SW;ZzNAMEqQ L101A
100g;10240;1;;;;33;SW;ZzNAMEqQ S210A;33;SW;ZzNAMEqQ L112B
100g;10240;1;;;;33;SW;ZzNAMEqQ S210B;33;SW;ZzNAMEqQ L103A
100g;10240;1;;;;33;SW;ZzNAMEqQ S211A;33;SW;ZzNAMEqQ L114B
100g;10240;1;;;;33;SW;ZzNAMEqQ S211B;33;SW;ZzNAMEqQ L105A
100g;10240;1;;;;33;SW;ZzNAMEqQ S212A;33;SW;ZzNAMEqQ L116B
100g;10240;1;;;;33;SW;ZzNAMEqQ S212B;33;SW;ZzNAMEqQ L107A
100g;10240;1;;;;34;SW;ZzNAMEqQ S201A;34;SW;ZzNAMEqQ L120B
100g;10240;1;;;;34;SW;ZzNAMEqQ S201B;34;SW;ZzNAMEqQ L107A
100g;10240;1;;;;34;SW;ZzNAMEqQ S202A;34;SW;ZzNAMEqQ L122B
100g;10240;1;;;;34;SW;ZzNAMEqQ S202B;34;SW;ZzNAMEqQ L109A
100g;10240;1;;;;34;SW;ZzNAMEqQ S203A;34;SW;ZzNAMEqQ L124B
100g;10240;1;;;;34;SW;ZzNAMEqQ S203B;34;SW;ZzNAMEqQ L111A
100g;10240;1;;;;34;SW;ZzNAMEqQ S204A;34;SW;ZzNAMEqQ L102B
100g;10240;1;;;;34;SW;ZzNAMEqQ S204B;34;SW;ZzNAMEqQ L113A
100g;10240;1;;;;34;SW;ZzNAMEqQ S205A;34;SW;ZzNAMEqQ L104B
100g;10240;1;;;;34;SW;ZzNAMEqQ S205B;34;SW;ZzNAMEqQ L115A
100g;10240;1;;;;34;SW;ZzNAMEqQ S206A;34;SW;ZzNAMEqQ L106B
100g;10240;1;;;;34;SW;ZzNAMEqQ S206B;34;SW;ZzNAMEqQ L117A
100g;10240;1;;;;34;SW;ZzNAMEqQ S207A;34;SW;ZzNAMEqQ L108B
100g;10240;1;;;;34;SW;ZzNAMEqQ S207B;34;SW;ZzNAMEqQ L119A
100g;10240;1;;;;34;SW;ZzNAMEqQ S208A;34;SW;ZzNAMEqQ L110B
100g;10240;1;;;;34;SW;ZzNAMEqQ S208B;34;SW;ZzNAMEqQ L121A
100g;10240;1;;;;34;SW;ZzNAMEqQ S209A;34;SW;ZzNAMEqQ L112B
100g;10240;1;;;;34;SW;ZzNAMEqQ S209B;34;SW;ZzNAMEqQ L123A
100g;10240;1;;;;34;SW;ZzNAMEqQ S210A;34;SW;ZzNAMEqQ L114B
100g;10240;1;;;;34;SW;ZzNAMEqQ S210B;34;SW;ZzNAMEqQ L101A
100g;10240;1;;;;34;SW;ZzNAMEqQ S211A;34;SW;ZzNAMEqQ L116B
100g;10240;1;;;;34;SW;ZzNAMEqQ S211B;34;SW;ZzNAMEqQ L103A
100g;10240;1;;;;34;SW;ZzNAMEqQ S212A;34;SW;ZzNAMEqQ L118B
100g;10240;1;;;;34;SW;ZzNAMEqQ S212B;34;SW;ZzNAMEqQ L105A
100g;10240;1;;;;35;SW;ZzNAMEqQ S201A;35;SW;ZzNAMEqQ L122B
100g;10240;1;;;;35;SW;ZzNAMEqQ S201B;35;SW;ZzNAMEqQ L105A
100g;10240;1;;;;35;SW;ZzNAMEqQ S202A;35;SW;ZzNAMEqQ L124B
100g;10240;1;;;;35;SW;ZzNAMEqQ S202B;35;SW;ZzNAMEqQ L107A
100g;10240;1;;;;35;SW;ZzNAMEqQ S203A;35;SW;ZzNAMEqQ L102B
100g;10240;1;;;;35;SW;ZzNAMEqQ S203B;35;SW;ZzNAMEqQ L109A
100g;10240;1;;;;35;SW;ZzNAMEqQ S204A;35;SW;ZzNAMEqQ L104B
100g;10240;1;;;;35;SW;ZzNAMEqQ S204B;35;SW;ZzNAMEqQ L111A
100g;10240;1;;;;35;SW;ZzNAMEqQ S205A;35;SW;ZzNAMEqQ L106B
100g;10240;1;;;;35;SW;ZzNAMEqQ S205B;35;SW;ZzNAMEqQ L113A
100g;10240;1;;;;35;SW;ZzNAMEqQ S206A;35;SW;ZzNAMEqQ L108B
100g;10240;1;;;;35;SW;ZzNAMEqQ S206B;35;SW;ZzNAMEqQ L115A
100g;10240;1;;;;35;SW;ZzNAMEqQ S207A;35;SW;ZzNAMEqQ L110B
100g;10240;1;;;;35;SW;ZzNAMEqQ S207B;35;SW;ZzNAMEqQ L117A
100g;10240;1;;;;35;SW;ZzNAMEqQ S208A;35;SW;ZzNAMEqQ L112B
100g;10240;1;;;;35;SW;ZzNAMEqQ S208B;35;SW;ZzNAMEqQ L119A
100g;10240;1;;;;35;SW;ZzNAMEqQ S209A;35;SW;ZzNAMEqQ L114B
100g;10240;1;;;;35;SW;ZzNAMEqQ S209B;35;SW;ZzNAMEqQ L121A
100g;10240;1;;;;35;SW;ZzNAMEqQ S210A;35;SW;ZzNAMEqQ L116B
100g;10240;1;;;;35;SW;ZzNAMEqQ S210B;35;SW;ZzNAMEqQ L123A
100g;10240;1;;;;35;SW;ZzNAMEqQ S211A;35;SW;ZzNAMEqQ L118B
100g;10240;1;;;;35;SW;ZzNAMEqQ S211B;35;SW;ZzNAMEqQ L101A
100g;10240;1;;;;35;SW;ZzNAMEqQ S212A;35;SW;ZzNAMEqQ L120B
100g;10240;1;;;;35;SW;ZzNAMEqQ S212B;35;SW;ZzNAMEqQ L103A
100g;10240;1;;;;36;SW;ZzNAMEqQ S201A;36;SW;ZzNAMEqQ L124B
100g;10240;1;;;;36;SW;ZzNAMEqQ S201B;36;SW;ZzNAMEqQ L103A
100g;10240;1;;;;36;SW;ZzNAMEqQ S202A;36;SW;ZzNAMEqQ L102B
100g;10240;1;;;;36;SW;ZzNAMEqQ S202B;36;SW;ZzNAMEqQ L105A
100g;10240;1;;;;36;SW;ZzNAMEqQ S203A;36;SW;ZzNAMEqQ L104B
100g;10240;1;;;;36;SW;ZzNAMEqQ S203B;36;SW;ZzNAMEqQ L107A
100g;10240;1;;;;36;SW;ZzNAMEqQ S204A;36;SW;ZzNAMEqQ L106B
100g;10240;1;;;;36;SW;ZzNAMEqQ S204B;36;SW;ZzNAMEqQ L109A
100g;10240;1;;;;36;SW;ZzNAMEqQ S205A;36;SW;ZzNAMEqQ L108B
100g;10240;1;;;;36;SW;ZzNAMEqQ S205B;36;SW;ZzNAMEqQ L111A
100g;10240;1;;;;36;SW;ZzNAMEqQ S206A;36;SW;ZzNAMEqQ L110B
100g;10240;1;;;;36;SW;ZzNAMEqQ S206B;36;SW;ZzNAMEqQ L113A
100g;10240;1;;;;36;SW;ZzNAMEqQ S207A;36;SW;ZzNAMEqQ L112B
100g;10240;1;;;;36;SW;ZzNAMEqQ S207B;36;SW;ZzNAMEqQ L115A
100g;10240;1;;;;36;SW;ZzNAMEqQ S208A;36;SW;ZzNAMEqQ L114B
100g;10240;1;;;;36;SW;ZzNAMEqQ S208B;36;SW;ZzNAMEqQ L117A
100g;10240;1;;;;36;SW;ZzNAMEqQ S209A;36;SW;ZzNAMEqQ L116B
100g;10240;1;;;;36;SW;ZzNAMEqQ S209B;36;SW;ZzNAMEqQ L119A
100g;10240;1;;;;36;SW;ZzNAMEqQ S210A;36;SW;ZzNAMEqQ L118B
100g;10240;1;;;;36;SW;ZzNAMEqQ S210B;36;SW;ZzNAMEqQ L121A
100g;10240;1;;;;36;SW;ZzNAMEqQ S211A;36;SW;ZzNAMEqQ L120B
100g;10240;1;;;;36;SW;ZzNAMEqQ S211B;36;SW;ZzNAMEqQ L123A
100g;10240;1;;;;36;SW;ZzNAMEqQ S212A;36;SW;ZzNAMEqQ L122B
100g;10240;1;;;;36;SW;ZzNAMEqQ S212B;36;SW;ZzNAMEqQ L101A
100g;10240;1;;;;37;SW;ZzNAMEqQ S201A;37;SW;ZzNAMEqQ L102B
100g;10240;1;;;;37;SW;ZzNAMEqQ S201B;37;SW;ZzNAMEqQ L101A
100g;10240;1;;;;37;SW;ZzNAMEqQ S202A;37;SW;ZzNAMEqQ L104B
100g;10240;1;;;;37;SW;ZzNAMEqQ S202B;37;SW;ZzNAMEqQ L103A
100g;10240;1;;;;37;SW;ZzNAMEqQ S203A;37;SW;ZzNAMEqQ L106B
100g;10240;1;;;;37;SW;ZzNAMEqQ S203B;37;SW;ZzNAMEqQ L105A
100g;10240;1;;;;37;SW;ZzNAMEqQ S204A;37;SW;ZzNAMEqQ L108B
100g;10240;1;;;;37;SW;ZzNAMEqQ S204B;37;SW;ZzNAMEqQ L107A
100g;10240;1;;;;37;SW;ZzNAMEqQ S205A;37;SW;ZzNAMEqQ L110B
100g;10240;1;;;;37;SW;ZzNAMEqQ S205B;37;SW;ZzNAMEqQ L109A
100g;10240;1;;;;37;SW;ZzNAMEqQ S206A;37;SW;ZzNAMEqQ L112B
100g;10240;1;;;;37;SW;ZzNAMEqQ S206B;37;SW;ZzNAMEqQ L111A
100g;10240;1;;;;37;SW;ZzNAMEqQ S207A;37;SW;ZzNAMEqQ L114B
100g;10240;1;;;;37;SW;ZzNAMEqQ S207B;37;SW;ZzNAMEqQ L113A
100g;10240;1;;;;37;SW;ZzNAMEqQ S208A;37;SW;ZzNAMEqQ L116B
100g;10240;1;;;;37;SW;ZzNAMEqQ S208B;37;SW;ZzNAMEqQ L115A
100g;10240;1;;;;37;SW;ZzNAMEqQ S209A;37;SW;ZzNAMEqQ L118B
100g;10240;1;;;;37;SW;ZzNAMEqQ S209B;37;SW;ZzNAMEqQ L117A
100g;10240;1;;;;37;SW;ZzNAMEqQ S210A;37;SW;ZzNAMEqQ L120B
100g;10240;1;;;;37;SW;ZzNAMEqQ S210B;37;SW;ZzNAMEqQ L119A
100g;10240;1;;;;37;SW;ZzNAMEqQ S211A;37;SW;ZzNAMEqQ L122B
100g;10240;1;;;;37;SW;ZzNAMEqQ S211B;37;SW;ZzNAMEqQ L121A
100g;10240;1;;;;37;SW;ZzNAMEqQ S212A;37;SW;ZzNAMEqQ L124B
100g;10240;1;;;;37;SW;ZzNAMEqQ S212B;37;SW;ZzNAMEqQ L123A
100g;10240;1;;;;38;SW;ZzNAMEqQ S201A;38;SW;ZzNAMEqQ L104B
100g;10240;1;;;;38;SW;ZzNAMEqQ S201B;38;SW;ZzNAMEqQ L123A
100g;10240;1;;;;38;SW;ZzNAMEqQ S202A;38;SW;ZzNAMEqQ L106B
100g;10240;1;;;;38;SW;ZzNAMEqQ S202B;38;SW;ZzNAMEqQ L101A
100g;10240;1;;;;38;SW;ZzNAMEqQ S203A;38;SW;ZzNAMEqQ L108B
100g;10240;1;;;;38;SW;ZzNAMEqQ S203B;38;SW;ZzNAMEqQ L103A
100g;10240;1;;;;38;SW;ZzNAMEqQ S204A;38;SW;ZzNAMEqQ L110B
100g;10240;1;;;;38;SW;ZzNAMEqQ S204B;38;SW;ZzNAMEqQ L105A
100g;10240;1;;;;38;SW;ZzNAMEqQ S205A;38;SW;ZzNAMEqQ L112B
100g;10240;1;;;;38;SW;ZzNAMEqQ S205B;38;SW;ZzNAMEqQ L107A
100g;10240;1;;;;38;SW;ZzNAMEqQ S206A;38;SW;ZzNAMEqQ L114B
100g;10240;1;;;;38;SW;ZzNAMEqQ S206B;38;SW;ZzNAMEqQ L109A
100g;10240;1;;;;38;SW;ZzNAMEqQ S207A;38;SW;ZzNAMEqQ L116B
100g;10240;1;;;;38;SW;ZzNAMEqQ S207B;38;SW;ZzNAMEqQ L111A
100g;10240;1;;;;38;SW;ZzNAMEqQ S208A;38;SW;ZzNAMEqQ L118B
100g;10240;1;;;;38;SW;ZzNAMEqQ S208B;38;SW;ZzNAMEqQ L113A
100g;10240;1;;;;38;SW;ZzNAMEqQ S209A;38;SW;ZzNAMEqQ L120B
100g;10240;1;;;;38;SW;ZzNAMEqQ S209B;38;SW;ZzNAMEqQ L115A
100g;10240;1;;;;38;SW;ZzNAMEqQ S210A;38;SW;ZzNAMEqQ L122B
100g;10240;1;;;;38;SW;ZzNAMEqQ S210B;38;SW;ZzNAMEqQ L117A
100g;10240;1;;;;38;SW;ZzNAMEqQ S211A;38;SW;ZzNAMEqQ L124B
100g;10240;1;;;;38;SW;ZzNAMEqQ S211B;38;SW;ZzNAMEqQ L119A
100g;10240;1;;;;38;SW;ZzNAMEqQ S212A;38;SW;ZzNAMEqQ L102B
100g;10240;1;;;;38;SW;ZzNAMEqQ S212B;38;SW;ZzNAMEqQ L121A
100g;10240;1;;;;39;SW;ZzNAMEqQ S201A;39;SW;ZzNAMEqQ L106B
100g;10240;1;;;;39;SW;ZzNAMEqQ S201B;39;SW;ZzNAMEqQ L121A
100g;10240;1;;;;39;SW;ZzNAMEqQ S202A;39;SW;ZzNAMEqQ L108B
100g;10240;1;;;;39;SW;ZzNAMEqQ S202B;39;SW;ZzNAMEqQ L123A
100g;10240;1;;;;39;SW;ZzNAMEqQ S203A;39;SW;ZzNAMEqQ L110B
100g;10240;1;;;;39;SW;ZzNAMEqQ S203B;39;SW;ZzNAMEqQ L101A
100g;10240;1;;;;39;SW;ZzNAMEqQ S204A;39;SW;ZzNAMEqQ L112B
100g;10240;1;;;;39;SW;ZzNAMEqQ S204B;39;SW;ZzNAMEqQ L103A
100g;10240;1;;;;39;SW;ZzNAMEqQ S205A;39;SW;ZzNAMEqQ L114B
100g;10240;1;;;;39;SW;ZzNAMEqQ S205B;39;SW;ZzNAMEqQ L105A
100g;10240;1;;;;39;SW;ZzNAMEqQ S206A;39;SW;ZzNAMEqQ L116B
100g;10240;1;;;;39;SW;ZzNAMEqQ S206B;39;SW;ZzNAMEqQ L107A
100g;10240;1;;;;39;SW;ZzNAMEqQ S207A;39;SW;ZzNAMEqQ L118B
100g;10240;1;;;;39;SW;ZzNAMEqQ S207B;39;SW;ZzNAMEqQ L109A
100g;10240;1;;;;39;SW;ZzNAMEqQ S208A;39;SW;ZzNAMEqQ L120B
100g;10240;1;;;;39;SW;ZzNAMEqQ S208B;39;SW;ZzNAMEqQ L111A
100g;10240;1;;;;39;SW;ZzNAMEqQ S209A;39;SW;ZzNAMEqQ L122B
100g;10240;1;;;;39;SW;ZzNAMEqQ S209B;39;SW;ZzNAMEqQ L113A
100g;10240;1;;;;39;SW;ZzNAMEqQ S210A;39;SW;ZzNAMEqQ L124B
100g;10240;1;;;;39;SW;ZzNAMEqQ S210B;39;SW;ZzNAMEqQ L115A
100g;10240;1;;;;39;SW;ZzNAMEqQ S211A;39;SW;ZzNAMEqQ L102B
100g;10240;1;;;;39;SW;ZzNAMEqQ S211B;39;SW;ZzNAMEqQ L117A
100g;10240;1;;;;39;SW;ZzNAMEqQ S212A;39;SW;ZzNAMEqQ L104B
100g;10240;1;;;;39;SW;ZzNAMEqQ S212B;39;SW;ZzNAMEqQ L119A
100g;10240;1;;;;40;SW;ZzNAMEqQ S201A;40;SW;ZzNAMEqQ L108B
100g;10240;1;;;;40;SW;ZzNAMEqQ S201B;40;SW;ZzNAMEqQ L119A
100g;10240;1;;;;40;SW;ZzNAMEqQ S202A;40;SW;ZzNAMEqQ L110B
100g;10240;1;;;;40;SW;ZzNAMEqQ S202B;40;SW;ZzNAMEqQ L121A
100g;10240;1;;;;40;SW;ZzNAMEqQ S203A;40;SW;ZzNAMEqQ L112B
100g;10240;1;;;;40;SW;ZzNAMEqQ S203B;40;SW;ZzNAMEqQ L123A
100g;10240;1;;;;40;SW;ZzNAMEqQ S204A;40;SW;ZzNAMEqQ L114B
100g;10240;1;;;;40;SW;ZzNAMEqQ S204B;40;SW;ZzNAMEqQ L101A
100g;10240;1;;;;40;SW;ZzNAMEqQ S205A;40;SW;ZzNAMEqQ L116B
100g;10240;1;;;;40;SW;ZzNAMEqQ S205B;40;SW;ZzNAMEqQ L103A
100g;10240;1;;;;40;SW;ZzNAMEqQ S206A;40;SW;ZzNAMEqQ L118B
100g;10240;1;;;;40;SW;ZzNAMEqQ S206B;40;SW;ZzNAMEqQ L105A
100g;10240;1;;;;40;SW;ZzNAMEqQ S207A;40;SW;ZzNAMEqQ L120B
100g;10240;1;;;;40;SW;ZzNAMEqQ S207B;40;SW;ZzNAMEqQ L107A
100g;10240;1;;;;40;SW;ZzNAMEqQ S208A;40;SW;ZzNAMEqQ L122B
100g;10240;1;;;;40;SW;ZzNAMEqQ S208B;40;SW;ZzNAMEqQ L109A
100g;10240;1;;;;40;SW;ZzNAMEqQ S209A;40;SW;ZzNAMEqQ L124B
100g;10240;1;;;;40;SW;ZzNAMEqQ S209B;40;SW;ZzNAMEqQ L111A
100g;10240;1;;;;40;SW;ZzNAMEqQ S210A;40;SW;ZzNAMEqQ L102B
100g;10240;1;;;;40;SW;ZzNAMEqQ S210B;40;SW;ZzNAMEqQ L113A
100g;10240;1;;;;40;SW;ZzNAMEqQ S211A;40;SW;ZzNAMEqQ L104B
100g;10240;1;;;;40;SW;ZzNAMEqQ S211B;40;SW;ZzNAMEqQ L115A
100g;10240;1;;;;40;SW;ZzNAMEqQ S212A;40;SW;ZzNAMEqQ L106B
100g;10240;1;;;;40;SW;ZzNAMEqQ S212B;40;SW;ZzNAMEqQ L117A
100g;10240;1;;;;41;SW;ZzNAMEqQ S201A;41;SW;ZzNAMEqQ L110B
100g;10240;1;;;;41;SW;ZzNAMEqQ S201B;41;SW;ZzNAMEqQ L117A
100g;10240;1;;;;41;SW;ZzNAMEqQ S202A;41;SW;ZzNAMEqQ L112B
100g;10240;1;;;;41;SW;ZzNAMEqQ S202B;41;SW;ZzNAMEqQ L119A
100g;10240;1;;;;41;SW;ZzNAMEqQ S203A;41;SW;ZzNAMEqQ L114B
100g;10240;1;;;;41;SW;ZzNAMEqQ S203B;41;SW;ZzNAMEqQ L121A
100g;10240;1;;;;41;SW;ZzNAMEqQ S204A;41;SW;ZzNAMEqQ L116B
100g;10240;1;;;;41;SW;ZzNAMEqQ S204B;41;SW;ZzNAMEqQ L123A
100g;10240;1;;;;41;SW;ZzNAMEqQ S205A;41;SW;ZzNAMEqQ L118B
100g;10240;1;;;;41;SW;ZzNAMEqQ S205B;41;SW;ZzNAMEqQ L101A
100g;10240;1;;;;41;SW;ZzNAMEqQ S206A;41;SW;ZzNAMEqQ L120B
100g;10240;1;;;;41;SW;ZzNAMEqQ S206B;41;SW;ZzNAMEqQ L103A
100g;10240;1;;;;41;SW;ZzNAMEqQ S207A;41;SW;ZzNAMEqQ L122B
100g;10240;1;;;;41;SW;ZzNAMEqQ S207B;41;SW;ZzNAMEqQ L105A
100g;10240;1;;;;41;SW;ZzNAMEqQ S208A;41;SW;ZzNAMEqQ L124B
100g;10240;1;;;;41;SW;ZzNAMEqQ S208B;41;SW;ZzNAMEqQ L107A
100g;10240;1;;;;41;SW;ZzNAMEqQ S209A;41;SW;ZzNAMEqQ L102B
100g;10240;1;;;;41;SW;ZzNAMEqQ S209B;41;SW;ZzNAMEqQ L109A
100g;10240;1;;;;41;SW;ZzNAMEqQ S210A;41;SW;ZzNAMEqQ L104B
100g;10240;1;;;;41;SW;ZzNAMEqQ S210B;41;SW;ZzNAMEqQ L111A
100g;10240;1;;;;41;SW;ZzNAMEqQ S211A;41;SW;ZzNAMEqQ L106B
100g;10240;1;;;;41;SW;ZzNAMEqQ S211B;41;SW;ZzNAMEqQ L113A
100g;10240;1;;;;41;SW;ZzNAMEqQ S212A;41;SW;ZzNAMEqQ L108B
100g;10240;1;;;;41;SW;ZzNAMEqQ S212B;41;SW;ZzNAMEqQ L115A
100g;10240;1;;;;42;SW;ZzNAMEqQ S201A;42;SW;ZzNAMEqQ L112B
100g;10240;1;;;;42;SW;ZzNAMEqQ S201B;42;SW;ZzNAMEqQ L115A
100g;10240;1;;;;42;SW;ZzNAMEqQ S202A;42;SW;ZzNAMEqQ L114B
100g;10240;1;;;;42;SW;ZzNAMEqQ S202B;42;SW;ZzNAMEqQ L117A
100g;10240;1;;;;42;SW;ZzNAMEqQ S203A;42;SW;ZzNAMEqQ L116B
100g;10240;1;;;;42;SW;ZzNAMEqQ S203B;42;SW;ZzNAMEqQ L119A
100g;10240;1;;;;42;SW;ZzNAMEqQ S204A;42;SW;ZzNAMEqQ L118B
100g;10240;1;;;;42;SW;ZzNAMEqQ S204B;42;SW;ZzNAMEqQ L121A
100g;10240;1;;;;42;SW;ZzNAMEqQ S205A;42;SW;ZzNAMEqQ L120B
100g;10240;1;;;;42;SW;ZzNAMEqQ S205B;42;SW;ZzNAMEqQ L123A
100g;10240;1;;;;42;SW;ZzNAMEqQ S206A;42;SW;ZzNAMEqQ L122B
100g;10240;1;;;;42;SW;ZzNAMEqQ S206B;42;SW;ZzNAMEqQ L101A
100g;10240;1;;;;42;SW;ZzNAMEqQ S207A;42;SW;ZzNAMEqQ L124B
100g;10240;1;;;;42;SW;ZzNAMEqQ S207B;42;SW;ZzNAMEqQ L103A
100g;10240;1;;;;42;SW;ZzNAMEqQ S208A;42;SW;ZzNAMEqQ L102B
100g;10240;1;;;;42;SW;ZzNAMEqQ S208B;42;SW;ZzNAMEqQ L105A
100g;10240;1;;;;42;SW;ZzNAMEqQ S209A;42;SW;ZzNAMEqQ L104B
100g;10240;1;;;;42;SW;ZzNAMEqQ S209B;42;SW;ZzNAMEqQ L107A
100g;10240;1;;;;42;SW;ZzNAMEqQ S210A;42;SW;ZzNAMEqQ L106B
100g;10240;1;;;;42;SW;ZzNAMEqQ S210B;42;SW;ZzNAMEqQ L109A
100g;10240;1;;;;42;SW;ZzNAMEqQ S211A;42;SW;ZzNAMEqQ L108B
100g;10240;1;;;;42;SW;ZzNAMEqQ S211B;42;SW;ZzNAMEqQ L111A
100g;10240;1;;;;42;SW;ZzNAMEqQ S212A;42;SW;ZzNAMEqQ L110B
100g;10240;1;;;;42;SW;ZzNAMEqQ S212B;42;SW;ZzNAMEqQ L113A
100g;10240;1;;;;43;SW;ZzNAMEqQ S201A;30;SW;ZzNAMEqQ L104A
100g;10240;1;;;;43;SW;ZzNAMEqQ S201B;30;SW;ZzNAMEqQ L123B
100g;10240;1;;;;43;SW;ZzNAMEqQ S202A;30;SW;ZzNAMEqQ L106A
100g;10240;1;;;;43;SW;ZzNAMEqQ S202B;30;SW;ZzNAMEqQ L101B
100g;10240;1;;;;43;SW;ZzNAMEqQ S203A;30;SW;ZzNAMEqQ L108A
100g;10240;1;;;;43;SW;ZzNAMEqQ S203B;30;SW;ZzNAMEqQ L103B
100g;10240;1;;;;43;SW;ZzNAMEqQ S204A;30;SW;ZzNAMEqQ L110A
100g;10240;1;;;;43;SW;ZzNAMEqQ S204B;30;SW;ZzNAMEqQ L105B
100g;10240;1;;;;43;SW;ZzNAMEqQ S205A;30;SW;ZzNAMEqQ L112A
100g;10240;1;;;;43;SW;ZzNAMEqQ S205B;30;SW;ZzNAMEqQ L107B
100g;10240;1;;;;43;SW;ZzNAMEqQ S206A;30;SW;ZzNAMEqQ L114A
100g;10240;1;;;;43;SW;ZzNAMEqQ S206B;30;SW;ZzNAMEqQ L109B
100g;10240;1;;;;43;SW;ZzNAMEqQ S207A;30;SW;ZzNAMEqQ L116A
100g;10240;1;;;;43;SW;ZzNAMEqQ S207B;30;SW;ZzNAMEqQ L111B
100g;10240;1;;;;43;SW;ZzNAMEqQ S208A;30;SW;ZzNAMEqQ L118A
100g;10240;1;;;;43;SW;ZzNAMEqQ S208B;30;SW;ZzNAMEqQ L113B
100g;10240;1;;;;43;SW;ZzNAMEqQ S209A;30;SW;ZzNAMEqQ L120A
100g;10240;1;;;;43;SW;ZzNAMEqQ S209B;30;SW;ZzNAMEqQ L115B
100g;10240;1;;;;43;SW;ZzNAMEqQ S210A;30;SW;ZzNAMEqQ L122A
100g;10240;1;;;;43;SW;ZzNAMEqQ S210B;30;SW;ZzNAMEqQ L117B
100g;10240;1;;;;43;SW;ZzNAMEqQ S211A;30;SW;ZzNAMEqQ L124A
100g;10240;1;;;;43;SW;ZzNAMEqQ S211B;30;SW;ZzNAMEqQ L119B
100g;10240;1;;;;43;SW;ZzNAMEqQ S212A;30;SW;ZzNAMEqQ L102A
100g;10240;1;;;;43;SW;ZzNAMEqQ S212B;30;SW;ZzNAMEqQ L121B
100g;10240;1;;;;44;SW;ZzNAMEqQ S201A;29;SW;ZzNAMEqQ L106A
100g;10240;1;;;;44;SW;ZzNAMEqQ S201B;29;SW;ZzNAMEqQ L121B
100g;10240;1;;;;44;SW;ZzNAMEqQ S202A;29;SW;ZzNAMEqQ L108A
100g;10240;1;;;;44;SW;ZzNAMEqQ S202B;29;SW;ZzNAMEqQ L123B
100g;10240;1;;;;44;SW;ZzNAMEqQ S203A;29;SW;ZzNAMEqQ L110A
100g;10240;1;;;;44;SW;ZzNAMEqQ S203B;29;SW;ZzNAMEqQ L101B
100g;10240;1;;;;44;SW;ZzNAMEqQ S204A;29;SW;ZzNAMEqQ L112A
100g;10240;1;;;;44;SW;ZzNAMEqQ S204B;29;SW;ZzNAMEqQ L103B
100g;10240;1;;;;44;SW;ZzNAMEqQ S205A;29;SW;ZzNAMEqQ L114A
100g;10240;1;;;;44;SW;ZzNAMEqQ S205B;29;SW;ZzNAMEqQ L105B
100g;10240;1;;;;44;SW;ZzNAMEqQ S206A;29;SW;ZzNAMEqQ L116A
100g;10240;1;;;;44;SW;ZzNAMEqQ S206B;29;SW;ZzNAMEqQ L107B
100g;10240;1;;;;44;SW;ZzNAMEqQ S207A;29;SW;ZzNAMEqQ L118A
100g;10240;1;;;;44;SW;ZzNAMEqQ S207B;29;SW;ZzNAMEqQ L109B
100g;10240;1;;;;44;SW;ZzNAMEqQ S208A;29;SW;ZzNAMEqQ L120A
100g;10240;1;;;;44;SW;ZzNAMEqQ S208B;29;SW;ZzNAMEqQ L111B
100g;10240;1;;;;44;SW;ZzNAMEqQ S209A;29;SW;ZzNAMEqQ L122A
100g;10240;1;;;;44;SW;ZzNAMEqQ S209B;29;SW;ZzNAMEqQ L113B
100g;10240;1;;;;44;SW;ZzNAMEqQ S210A;29;SW;ZzNAMEqQ L124A
100g;10240;1;;;;44;SW;ZzNAMEqQ S210B;29;SW;ZzNAMEqQ L115B
100g;10240;1;;;;44;SW;ZzNAMEqQ S211A;29;SW;ZzNAMEqQ L102A
100g;10240;1;;;;44;SW;ZzNAMEqQ S211B;29;SW;ZzNAMEqQ L117B
100g;10240;1;;;;44;SW;ZzNAMEqQ S212A;29;SW;ZzNAMEqQ L104A
100g;10240;1;;;;44;SW;ZzNAMEqQ S212B;29;SW;ZzNAMEqQ L119B
100g;10240;1;;;;45;SW;ZzNAMEqQ S201A;28;SW;ZzNAMEqQ L108A
100g;10240;1;;;;45;SW;ZzNAMEqQ S201B;28;SW;ZzNAMEqQ L119B
100g;10240;1;;;;45;SW;ZzNAMEqQ S202A;28;SW;ZzNAMEqQ L110A
100g;10240;1;;;;45;SW;ZzNAMEqQ S202B;28;SW;ZzNAMEqQ L121B
100g;10240;1;;;;45;SW;ZzNAMEqQ S203A;28;SW;ZzNAMEqQ L112A
100g;10240;1;;;;45;SW;ZzNAMEqQ S203B;28;SW;ZzNAMEqQ L123B
100g;10240;1;;;;45;SW;ZzNAMEqQ S204A;28;SW;ZzNAMEqQ L114A
100g;10240;1;;;;45;SW;ZzNAMEqQ S204B;28;SW;ZzNAMEqQ L101B
100g;10240;1;;;;45;SW;ZzNAMEqQ S205A;28;SW;ZzNAMEqQ L116A
100g;10240;1;;;;45;SW;ZzNAMEqQ S205B;28;SW;ZzNAMEqQ L103B
100g;10240;1;;;;45;SW;ZzNAMEqQ S206A;28;SW;ZzNAMEqQ L118A
100g;10240;1;;;;45;SW;ZzNAMEqQ S206B;28;SW;ZzNAMEqQ L105B
100g;10240;1;;;;45;SW;ZzNAMEqQ S207A;28;SW;ZzNAMEqQ L120A
100g;10240;1;;;;45;SW;ZzNAMEqQ S207B;28;SW;ZzNAMEqQ L107B
100g;10240;1;;;;45;SW;ZzNAMEqQ S208A;28;SW;ZzNAMEqQ L122A
100g;10240;1;;;;45;SW;ZzNAMEqQ S208B;28;SW;ZzNAMEqQ L109B
100g;10240;1;;;;45;SW;ZzNAMEqQ S209A;28;SW;ZzNAMEqQ L124A
100g;10240;1;;;;45;SW;ZzNAMEqQ S209B;28;SW;ZzNAMEqQ L111B
100g;10240;1;;;;45;SW;ZzNAMEqQ S210A;28;SW;ZzNAMEqQ L102A
100g;10240;1;;;;45;SW;ZzNAMEqQ S210B;28;SW;ZzNAMEqQ L113B
100g;10240;1;;;;45;SW;ZzNAMEqQ S211A;28;SW;ZzNAMEqQ L104A
100g;10240;1;;;;45;SW;ZzNAMEqQ S211B;28;SW;ZzNAMEqQ L115B
100g;10240;1;;;;45;SW;ZzNAMEqQ S212A;28;SW;ZzNAMEqQ L106A
100g;10240;1;;;;45;SW;ZzNAMEqQ S212B;28;SW;ZzNAMEqQ L117B
100g;10240;1;;;;46;SW;ZzNAMEqQ S201A;27;SW;ZzNAMEqQ L110A
100g;10240;1;;;;46;SW;ZzNAMEqQ S201B;27;SW;ZzNAMEqQ L117B
100g;10240;1;;;;46;SW;ZzNAMEqQ S202A;27;SW;ZzNAMEqQ L112A
100g;10240;1;;;;46;SW;ZzNAMEqQ S202B;27;SW;ZzNAMEqQ L119B
100g;10240;1;;;;46;SW;ZzNAMEqQ S203A;27;SW;ZzNAMEqQ L114A
100g;10240;1;;;;46;SW;ZzNAMEqQ S203B;27;SW;ZzNAMEqQ L121B
100g;10240;1;;;;46;SW;ZzNAMEqQ S204A;27;SW;ZzNAMEqQ L116A
100g;10240;1;;;;46;SW;ZzNAMEqQ S204B;27;SW;ZzNAMEqQ L123B
100g;10240;1;;;;46;SW;ZzNAMEqQ S205A;27;SW;ZzNAMEqQ L118A
100g;10240;1;;;;46;SW;ZzNAMEqQ S205B;27;SW;ZzNAMEqQ L101B
100g;10240;1;;;;46;SW;ZzNAMEqQ S206A;27;SW;ZzNAMEqQ L120A
100g;10240;1;;;;46;SW;ZzNAMEqQ S206B;27;SW;ZzNAMEqQ L103B
100g;10240;1;;;;46;SW;ZzNAMEqQ S207A;27;SW;ZzNAMEqQ L122A
100g;10240;1;;;;46;SW;ZzNAMEqQ S207B;27;SW;ZzNAMEqQ L105B
100g;10240;1;;;;46;SW;ZzNAMEqQ S208A;27;SW;ZzNAMEqQ L124A
100g;10240;1;;;;46;SW;ZzNAMEqQ S208B;27;SW;ZzNAMEqQ L107B
100g;10240;1;;;;46;SW;ZzNAMEqQ S209A;27;SW;ZzNAMEqQ L102A
100g;10240;1;;;;46;SW;ZzNAMEqQ S209B;27;SW;ZzNAMEqQ L109B
100g;10240;1;;;;46;SW;ZzNAMEqQ S210A;27;SW;ZzNAMEqQ L104A
100g;10240;1;;;;46;SW;ZzNAMEqQ S210B;27;SW;ZzNAMEqQ L111B
100g;10240;1;;;;46;SW;ZzNAMEqQ S211A;27;SW;ZzNAMEqQ L106A
100g;10240;1;;;;46;SW;ZzNAMEqQ S211B;27;SW;ZzNAMEqQ L113B
100g;10240;1;;;;46;SW;ZzNAMEqQ S212A;27;SW;ZzNAMEqQ L108A
100g;10240;1;;;;46;SW;ZzNAMEqQ S212B;27;SW;ZzNAMEqQ L115B
100g;10240;1;;;;47;SW;ZzNAMEqQ S201A;26;SW;ZzNAMEqQ L112A
100g;10240;1;;;;47;SW;ZzNAMEqQ S201B;26;SW;ZzNAMEqQ L115B
100g;10240;1;;;;47;SW;ZzNAMEqQ S202A;26;SW;ZzNAMEqQ L114A
100g;10240;1;;;;47;SW;ZzNAMEqQ S202B;26;SW;ZzNAMEqQ L117B
100g;10240;1;;;;47;SW;ZzNAMEqQ S203A;26;SW;ZzNAMEqQ L116A
100g;10240;1;;;;47;SW;ZzNAMEqQ S203B;26;SW;ZzNAMEqQ L119B
100g;10240;1;;;;47;SW;ZzNAMEqQ S204A;26;SW;ZzNAMEqQ L118A
100g;10240;1;;;;47;SW;ZzNAMEqQ S204B;26;SW;ZzNAMEqQ L121B
100g;10240;1;;;;47;SW;ZzNAMEqQ S205A;26;SW;ZzNAMEqQ L120A
100g;10240;1;;;;47;SW;ZzNAMEqQ S205B;26;SW;ZzNAMEqQ L123B
100g;10240;1;;;;47;SW;ZzNAMEqQ S206A;26;SW;ZzNAMEqQ L122A
100g;10240;1;;;;47;SW;ZzNAMEqQ S206B;26;SW;ZzNAMEqQ L101B
100g;10240;1;;;;47;SW;ZzNAMEqQ S207A;26;SW;ZzNAMEqQ L124A
100g;10240;1;;;;47;SW;ZzNAMEqQ S207B;26;SW;ZzNAMEqQ L103B
100g;10240;1;;;;47;SW;ZzNAMEqQ S208A;26;SW;ZzNAMEqQ L102A
100g;10240;1;;;;47;SW;ZzNAMEqQ S208B;26;SW;ZzNAMEqQ L105B
100g;10240;1;;;;47;SW;ZzNAMEqQ S209A;26;SW;ZzNAMEqQ L104A
100g;10240;1;;;;47;SW;ZzNAMEqQ S209B;26;SW;ZzNAMEqQ L107B
100g;10240;1;;;;47;SW;ZzNAMEqQ S210A;26;SW;ZzNAMEqQ L106A
100g;10240;1;;;;47;SW;ZzNAMEqQ S210B;26;SW;ZzNAMEqQ L109B
100g;10240;1;;;;47;SW;ZzNAMEqQ S211A;26;SW;ZzNAMEqQ L108A
100g;10240;1;;;;47;SW;ZzNAMEqQ S211B;26;SW;ZzNAMEqQ L111B
100g;10240;1;;;;47;SW;ZzNAMEqQ S212A;26;SW;ZzNAMEqQ L110A
100g;10240;1;;;;47;SW;ZzNAMEqQ S212B;26;SW;ZzNAMEqQ L113B
100g;10240;1;;;;48;SW;ZzNAMEqQ S201A;25;SW;ZzNAMEqQ L102A
100g;10240;1;;;;48;SW;ZzNAMEqQ S201B;25;SW;ZzNAMEqQ L113B
100g;10240;1;;;;48;SW;ZzNAMEqQ S202A;25;SW;ZzNAMEqQ L104A
100g;10240;1;;;;48;SW;ZzNAMEqQ S202B;25;SW;ZzNAMEqQ L115B
100g;10240;1;;;;48;SW;ZzNAMEqQ S203A;25;SW;ZzNAMEqQ L106A
100g;10240;1;;;;48;SW;ZzNAMEqQ S203B;25;SW;ZzNAMEqQ L117B
100g;10240;1;;;;48;SW;ZzNAMEqQ S204A;25;SW;ZzNAMEqQ L108A
100g;10240;1;;;;48;SW;ZzNAMEqQ S204B;25;SW;ZzNAMEqQ L119B
100g;10240;1;;;;48;SW;ZzNAMEqQ S205A;25;SW;ZzNAMEqQ L110A
100g;10240;1;;;;48;SW;ZzNAMEqQ S205B;25;SW;ZzNAMEqQ L121B
100g;10240;1;;;;48;SW;ZzNAMEqQ S206A;25;SW;ZzNAMEqQ L112A
100g;10240;1;;;;48;SW;ZzNAMEqQ S206B;25;SW;ZzNAMEqQ L123B
100g;10240;1;;;;48;SW;ZzNAMEqQ S207A;25;SW;ZzNAMEqQ L114A
100g;10240;1;;;;48;SW;ZzNAMEqQ S207B;25;SW;ZzNAMEqQ L101B
100g;10240;1;;;;48;SW;ZzNAMEqQ S208A;25;SW;ZzNAMEqQ L116A
100g;10240;1;;;;48;SW;ZzNAMEqQ S208B;25;SW;ZzNAMEqQ L103B
100g;10240;1;;;;48;SW;ZzNAMEqQ S209A;25;SW;ZzNAMEqQ L118A
100g;10240;1;;;;48;SW;ZzNAMEqQ S209B;25;SW;ZzNAMEqQ L105B
100g;10240;1;;;;48;SW;ZzNAMEqQ S210A;25;SW;ZzNAMEqQ L120A
100g;10240;1;;;;48;SW;ZzNAMEqQ S210B;25;SW;ZzNAMEqQ L107B
100g;10240;1;;;;48;SW;ZzNAMEqQ S211A;25;SW;ZzNAMEqQ L122A
100g;10240;1;;;;48;SW;ZzNAMEqQ S211B;25;SW;ZzNAMEqQ L109B
100g;10240;1;;;;48;SW;ZzNAMEqQ S212A;25;SW;ZzNAMEqQ L124A
100g;10240;1;;;;48;SW;ZzNAMEqQ S212B;25;SW;ZzNAMEqQ L111B
